Date,act1_price,act2_price,act3_price,act4_price,act5_price
14/04/2015,18036.69922,4977.290039,1265.349976,13.67,116.22879
15/04/2015,18112.60938,5011.02002,1275.349976,12.84,116.670502
16/04/2015,18105.76953,5007.790039,1272.900024,12.6,116.109131
17/04/2015,17826.30078,4931.810059,1251.859985,13.89,114.802368
20/04/2015,18034.92969,4994.600098,1264.920044,13.3,117.425117
21/04/2015,17949.58984,5014.100098,1264.150024,13.25,116.790138
22/04/2015,18038.26953,5035.169922,1265.47998,12.71,118.363777
23/04/2015,18058.68945,5056.060059,1271.540039,12.48,119.330048
24/04/2015,18080.14063,5092.080078,1267.540039,12.29,119.891411
27/04/2015,18037.9707,5060.25,1252.699951,13.12,122.072395
28/04/2015,18110.14063,5055.419922,1259.359985,12.41,120.149078
29/04/2015,18035.5293,5023.640137,1246.949951,13.39,118.382187
30/04/2015,17840.51953,4941.419922,1220.130005,14.55,115.170479
01/05/2015,18024.06055,5005.390137,1228.109985,12.7,118.667458
04/05/2015,18070.40039,5016.930176,1233.219971,12.85,118.437393
05/05/2015,17928.19922,4939.330078,1215.420044,14.31,115.768646
06/05/2015,17841.98047,4919.640137,1219.359985,15.15,115.041649
07/05/2015,17924.06055,4945.540039,1225.540039,15.13,115.753204
08/05/2015,18191.10938,5003.549805,1234.930054,12.86,117.93409
11/05/2015,18105.16992,4993.569824,1235.829956,13.85,116.73275
12/05/2015,18068.23047,4976.189941,1233.130005,13.86,116.316917
13/05/2015,18060.49023,4981.689941,1232.280029,13.76,116.446297
14/05/2015,18252.24023,5050.799805,1245.109985,12.74,119.163139
15/05/2015,18272.56055,5048.290039,1243.949951,12.38,118.996811
18/05/2015,18298.88086,5078.439941,1257.52002,12.73,120.309013
19/05/2015,18312.39063,5070.029785,1255.660034,12.85,120.198143
20/05/2015,18285.40039,5071.740234,1257.73999,12.88,120.188896
21/05/2015,18285.74023,5090.790039,1256.73999,12.11,121.417961
22/05/2015,18232.01953,5089.359863,1252.219971,12.13,122.480698
26/05/2015,18041.53906,5032.75,1238.76001,14.06,119.782288
27/05/2015,18162.99023,5106.589844,1254.359985,13.27,122.018639
28/05/2015,18126.11914,5097.97998,1253.099976,13.31,121.778351
29/05/2015,18010.67969,5070.029785,1246.530029,13.84,120.392212
01/06/2015,18040.36914,5082.930176,1249.619995,13.97,120.632462
02/06/2015,18011.93945,5076.52002,1251.800049,14.24,120.096481
03/06/2015,18076.26953,5099.22998,1264.579956,13.66,120.244347
04/06/2015,17905.58008,5059.120117,1251.290039,14.71,119.542023
05/06/2015,17849.46094,5068.459961,1261.01001,14.21,118.88591
08/06/2015,17766.55078,5021.629883,1253.699951,15.29,118.100426
09/06/2015,17764.03906,5013.870117,1249.660034,14.47,117.74926
10/06/2015,18000.40039,5076.689941,1266.930054,13.22,119.098442
11/06/2015,18039.36914,5082.509766,1268.920044,12.85,118.830467
12/06/2015,17898.83984,5051.100098,1265.02002,13.78,117.518242
15/06/2015,17791.16992,5029.970215,1261.040039,15.39,117.287209
16/06/2015,17904.48047,5055.549805,1269.530029,14.81,117.915596
17/06/2015,17935.74023,5064.879883,1268.329956,14.5,117.638382
18/06/2015,18115.83984,5132.950195,1284.680054,13.19,118.174355
19/06/2015,18015.94922,5117,1284.660034,13.96,116.991508
22/06/2015,18119.7793,5153.970215,1292.390015,12.74,117.92485
23/06/2015,18144.07031,5160.089844,1295.800049,12.11,117.38887
24/06/2015,17966.07031,5122.410156,1283.920044,13.26,118.386902
25/06/2015,17890.35938,5112.189941,1283.280029,14.01,117.823212
26/06/2015,17946.67969,5080.509766,1279.800049,14.02,117.130112
29/06/2015,17596.34961,4958.470215,1246.75,18.85,115.078606
30/06/2015,17619.50977,4986.870117,1253.949951,18.23,115.910301
01/07/2015,17757.91016,5013.120117,1256.400024,16.09,116.991508
02/07/2015,17730.10938,5009.209961,1248.26001,16.790001,116.843628
06/07/2015,17683.58008,4991.939941,1246.959961,17.01,116.437035
07/07/2015,17776.91016,4997.459961,1248.050049,16.09,116.150574
08/07/2015,17515.41992,4909.759766,1228.959961,19.66,113.267365
09/07/2015,17548.61914,4922.399902,1234.150024,19.969999,110.957115
10/07/2015,17760.41016,4997.700195,1252.02002,16.83,113.92347
13/07/2015,17977.67969,5071.509766,1265.349976,13.9,116.122849
14/07/2015,18053.58008,5104.890137,1273.329956,13.37,116.076622
15/07/2015,18050.16992,5098.939941,1264.52002,13.23,117.194809
16/07/2015,18120.25,5163.180176,1272.829956,12.11,118.756546
17/07/2015,18086.44922,5210.140137,1267.089966,11.95,119.782288
20/07/2015,18100.41016,5218.859863,1260.219971,12.25,122.046364
21/07/2015,17919.28906,5208.120117,1254.569946,12.22,120.826538
22/07/2015,17851.03906,5171.77002,1258.349976,12.12,115.716232
23/07/2015,17731.91992,5146.410156,1244.969971,12.64,115.660782
24/07/2015,17568.5293,5088.629883,1225.98999,13.74,115.050888
27/07/2015,17440.58984,5039.779785,1214.609985,15.6,113.452171
28/07/2015,17630.26953,5089.209961,1224.599976,13.44,114.015884
29/07/2015,17751.39063,5111.72998,1229.599976,12.5,113.655472
30/07/2015,17745.98047,5128.779785,1232.069946,12.13,113.082558
31/07/2015,17689.85938,5128.279785,1238.680054,12.12,112.09375
03/08/2015,17598.19922,5115.379883,1231.790039,12.56,109.450813
04/08/2015,17550.68945,5105.549805,1228.849976,13,105.939217
05/08/2015,17540.4707,5139.939941,1231.75,12.51,106.641548
06/08/2015,17419.75,5056.439941,1215.849976,13.77,106.873604
07/08/2015,17373.38086,5043.540039,1206.900024,13.39,107.235649
10/08/2015,17615.16992,5101.799805,1222.670044,12.23,111.134445
11/08/2015,17402.83984,5036.790039,1211.140015,13.71,105.351234
12/08/2015,17402.50977,5044.390137,1208.97998,13.61,106.975708
13/08/2015,17408.25,5033.560059,1204.73999,13.49,106.892189
14/08/2015,17477.40039,5048.240234,1212.689941,12.83,107.644073
17/08/2015,17545.17969,5091.700195,1225.089966,13.02,108.758026
18/08/2015,17511.33984,5059.350098,1214.890015,13.79,108.145378
19/08/2015,17348.73047,5019.049805,1202.97998,15.25,106.762238
20/08/2015,16990.68945,4877.490234,1172.52002,19.139999,104.571457
21/08/2015,16459.75,4706.040039,1156.790039,28.030001,98.175545
24/08/2015,15871.34961,4526.25,1111.689941,40.740002,95.724899
25/08/2015,15666.44043,4506.490234,1104.099976,36.02,96.300423
26/08/2015,16285.50977,4697.540039,1132.189941,30.32,101.82373
27/08/2015,16654.76953,4812.709961,1153.609985,26.1,104.822113
28/08/2015,16643.00977,4828.319824,1162.910034,26.049999,105.165558
31/08/2015,16528.0293,4776.509766,1159.449951,28.43,104.673584
01/09/2015,16058.34961,4636.100098,1128.050049,31.4,99.995018
02/09/2015,16351.37988,4749.97998,1146.030029,26.09,104.283691
03/09/2015,16374.75977,4733.5,1145.150024,25.610001,102.454964
04/09/2015,16102.37988,4683.919922,1136.170044,27.799999,101.433853
08/09/2015,16492.67969,4811.930176,1161.76001,24.9,104.255844
09/09/2015,16253.57031,4756.529785,1148.22998,26.23,102.250748
10/09/2015,16330.40039,4796.25,1153.030029,24.370001,104.497192
11/09/2015,16433.08984,4822.339844,1157.790039,23.200001,106.019585
14/09/2015,16370.95996,4805.759766,1153.5,24.25,107.040688
15/09/2015,16599.84961,4860.52002,1166,22.540001,107.941147
16/09/2015,16739.94922,4889.240234,1175.199951,21.35,108.061813
17/09/2015,16674.74023,4893.950195,1180.689941,21.139999,105.750381
18/09/2015,16384.58008,4827.22998,1163.349976,22.280001,105.314087
21/09/2015,16510.18945,4828.950195,1161.089966,20.139999,106.947884
22/09/2015,16330.46973,4756.720215,1143.030029,22.440001,105.267685
23/09/2015,16279.88965,4752.740234,1140.050049,22.129999,106.121704
24/09/2015,16201.32031,4734.47998,1137.540039,23.469999,106.75293
25/09/2015,16314.66992,4686.5,1122.790039,23.620001,106.483727
28/09/2015,16001.88965,4543.970215,1090.569946,27.629999,104.376534
29/09/2015,16049.12988,4517.319824,1083.910034,26.83,101.238914
30/09/2015,16284.7002,4620.160156,1100.689941,24.5,102.389992
01/10/2015,16272.00977,4627.080078,1097.550049,22.549999,101.721626
02/10/2015,16472.36914,4707.779785,1114.119995,20.940001,102.464249
05/10/2015,16776.42969,4781.259766,1141.640015,19.540001,102.835571
06/10/2015,16790.18945,4748.359863,1133.689941,19.4,103.327553
07/10/2015,16912.28906,4791.149902,1152.599976,18.4,102.835571
08/10/2015,17050.75,4810.790039,1163.23999,17.42,101.647354
09/10/2015,17084.49023,4830.470215,1165.359985,17.08,104.079475
12/10/2015,17131.85938,4838.640137,1164.400024,16.17,103.596771
13/10/2015,17081.89063,4796.609863,1147.839966,17.67,103.773125
14/10/2015,16924.75,4782.850098,1136.969971,18.030001,102.306442
15/10/2015,17141.75,4870.100098,1162.77002,16.049999,103.83812
16/10/2015,17215.9707,4886.689941,1162.310059,15.05,103.07692
19/10/2015,17230.53906,4905.470215,1164.300049,14.98,103.717438
20/10/2015,17217.10938,4880.970215,1163.27002,15.75,105.611145
21/10/2015,17168.60938,4840.120117,1144.949951,16.700001,105.601868
22/10/2015,17489.16016,4920.049805,1154.52002,14.45,107.217094
23/10/2015,17646.69922,5031.859863,1166.060059,14.46,110.540344
26/10/2015,17623.05078,5034.700195,1159.5,15.29,107.01284
27/10/2015,17581.42969,5030.149902,1145.290039,15.43,106.335205
28/10/2015,17779.51953,5095.689941,1178.719971,14.33,110.716713
29/10/2015,17755.80078,5074.27002,1165.630005,14.61,111.886345
30/10/2015,17663.53906,5053.75,1161.859985,15.07,110.930237
02/11/2015,17828.75977,5127.149902,1186.089966,14.15,112.489754
03/11/2015,17918.15039,5145.129883,1191.579956,14.54,113.780052
04/11/2015,17867.58008,5142.47998,1190.380005,15.51,113.250931
05/11/2015,17863.42969,5127.740234,1190.689941,15.05,112.728874
06/11/2015,17910.33008,5147.120117,1199.75,14.33,112.85939
09/11/2015,17730.48047,5095.299805,1184.430054,16.52,112.402588
10/11/2015,17758.21094,5083.240234,1187.699951,15.29,108.859993
11/11/2015,17702.2207,5067.02002,1178.069946,16.059999,108.24469
12/11/2015,17448.07031,5005.080078,1154.810059,18.370001,107.881104
13/11/2015,17245.24023,4927.879883,1146.550049,20.08,104.730087
16/11/2015,17483.00977,4984.620117,1156.079956,18.16,106.445442
17/11/2015,17489.5,4986.02002,1153.209961,18.84,105.988625
18/11/2015,17737.16016,5075.200195,1171.75,16.85,109.344765
19/11/2015,17732.75,5073.640137,1166.72998,16.99,110.733826
20/11/2015,17823.81055,5104.919922,1175.150024,15.47,111.218613
23/11/2015,17792.67969,5102.47998,1180.359985,15.62,109.773605
24/11/2015,17812.18945,5102.810059,1188.810059,15.93,110.827065
25/11/2015,17813.39063,5116.140137,1198.02002,15.19,110.034622
27/11/2015,17813.39063,5127.52002,1202.380005,15.12,109.829536
30/11/2015,17719.91992,5108.669922,1198.109985,16.129999,110.286354
01/12/2015,17888.34961,5156.310059,1204.160034,14.67,109.39138
02/12/2015,17729.67969,5123.220215,1191.689941,15.91,108.403198
03/12/2015,17477.66992,5037.529785,1170.569946,18.110001,107.396332
04/12/2015,17847.63086,5142.27002,1183.400024,14.81,110.966904
07/12/2015,17730.50977,5101.810059,1164.300049,15.84,110.267715
08/12/2015,17568,5098.240234,1159.400024,17.6,110.221092
09/12/2015,17492.30078,5022.870117,1145.869995,19.610001,107.787888
10/12/2015,17574.75,5045.169922,1149.02002,19.34,108.300644
11/12/2015,17265.21094,4933.470215,1123.609985,24.389999,105.513168
14/12/2015,17368.5,4952.22998,1115.859985,22.73,104.860588
15/12/2015,17524.91016,4995.359863,1131.550049,20.950001,103.005409
16/12/2015,17749.08984,5071.129883,1148.969971,17.860001,103.797813
17/12/2015,17495.83984,5002.549805,1135.359985,18.940001,101.597687
18/12/2015,17128.55078,4923.080078,1121.02002,20.700001,98.847519
21/12/2015,17251.61914,4968.919922,1127.73999,18.700001,100.059456
22/12/2015,17417.26953,5001.109863,1137.689941,16.6,99.966232
23/12/2015,17602.60938,5045.930176,1152.819946,15.57,101.252747
24/12/2015,17552.16992,5048.490234,1154.76001,15.74,100.712036
28/12/2015,17528.26953,5040.990234,1148.209961,16.91,99.584007
29/12/2015,17720.98047,5107.939941,1160.52002,16.08,101.37394
30/12/2015,17603.86914,5065.850098,1149.640015,17.290001,100.050133
31/12/2015,17425.0293,5007.410156,1135.890015,18.209999,98.129669
04/01/2016,17148.93945,4903.089844,1108.619995,20.700001,98.213585
05/01/2016,17158.66016,4891.430176,1110.439941,19.34,95.752419
06/01/2016,16906.50977,4835.759766,1094.369995,20.59,93.878586
07/01/2016,16514.09961,4689.430176,1064.569946,24.99,89.916473
08/01/2016,16346.4502,4643.629883,1046.199951,27.01,90.391907
11/01/2016,16398.57031,4637.990234,1041.900024,24.299999,91.855568
12/01/2016,16516.2207,4685.919922,1044.699951,22.469999,93.188705
13/01/2016,16151.41016,4526.060059,1010.190002,25.219999,90.792793
14/01/2016,16379.04981,4615,1025.670044,23.950001,92.778496
15/01/2016,15988.08008,4488.419922,1007.719971,27.02,90.550415
19/01/2016,16016.01953,4476.950195,994.869995,26.049999,90.112251
20/01/2016,15766.74023,4471.689941,999.309998,27.59,90.233437
21/01/2016,15882.67969,4472.060059,997.340027,26.690001,89.776627
22/01/2016,16093.50977,4591.180176,1020.659973,22.34,94.549812
25/01/2016,15885.21973,4518.490234,997.369995,24.15,92.703934
26/01/2016,16167.23047,4567.669922,1017.969971,22.5,93.21666
27/01/2016,15944.45996,4468.169922,1002.75,23.110001,87.091728
28/01/2016,16069.63965,4506.680176,1003.27002,22.42,87.716331
29/01/2016,16466.30078,4613.950195,1035.380005,20.200001,90.746178
01/02/2016,16449.17969,4620.370117,1032.390015,19.98,89.897827
02/02/2016,16153.54004,4516.950195,1008.840027,21.98,88.079926
03/02/2016,16336.66016,4504.240234,1010.299988,21.65,89.823242
04/02/2016,16416.58008,4509.560059,1014.789978,21.84,90.544991
05/02/2016,16204.96973,4363.140137,985.619995,23.379999,88.126694
08/02/2016,16027.04981,4283.75,969.340027,26,89.054657
09/02/2016,16014.37988,4268.759766,963.900024,26.540001,89.035904
10/02/2016,15914.74023,4283.589844,963.47998,26.290001,88.361023
11/02/2016,15660.17969,4266.839844,953.719971,28.139999,87.826744
12/02/2016,15973.83984,4337.509766,971.98999,25.4,88.098572
16/02/2016,16196.41016,4435.959961,995.799988,24.110001,90.582466
17/02/2016,16453.83008,4534.060059,1011.130005,22.309999,91.969711
18/02/2016,16413.42969,4487.540039,1004.710022,21.639999,90.226288
19/02/2016,16391.99023,4504.430176,1010.01001,20.530001,90.020073
22/02/2016,16620.66016,4570.609863,1021.73999,19.379999,90.807411
23/02/2016,16431.7793,4503.580078,1012.150024,20.98,88.754677
24/02/2016,16484.99023,4542.609863,1022.080017,20.719999,90.076309
25/02/2016,16697.28906,4582.200195,1031.579956,19.110001,90.694946
26/02/2016,16639.9707,4590.470215,1037.180054,19.809999,90.835548
29/02/2016,16516.5,4557.950195,1033.900024,20.549999,90.629341
01/03/2016,16865.08008,4689.600098,1054.48999,17.700001,94.228645
02/03/2016,16899.32031,4703.419922,1065.670044,17.09,94.434853
03/03/2016,16943.90039,4707.419922,1076.050049,16.700001,95.137848
04/03/2016,17006.76953,4717.02002,1081.930054,16.860001,96.553185
07/03/2016,17073.94922,4708.25,1094.150024,17.35,95.484657
08/03/2016,16964.09961,4648.819824,1067.880005,18.67,94.697304
09/03/2016,17000.35938,4674.379883,1072.77002,18.34,94.781654
10/03/2016,16995.13086,4662.160156,1063.98999,18.049999,94.828529
11/03/2016,17213.31055,4748.470215,1087.560059,16.5,95.850197
14/03/2016,17229.13086,4750.279785,1084.25,16.92,96.09391
15/03/2016,17251.5293,4728.669922,1066.670044,16.84,98.02478
16/03/2016,17325.75977,4763.970215,1074.51001,14.99,99.32766
17/03/2016,17481.49023,4774.990234,1091.25,14.44,99.168297
18/03/2016,17602.30078,4795.649902,1101.670044,14.02,99.280777
21/03/2016,17623.86914,4808.870117,1098.579956,13.79,99.271408
22/03/2016,17582.57031,4821.660156,1097.339966,14.17,100.030655
23/03/2016,17502.58984,4768.859863,1075.699951,14.94,99.477623
24/03/2016,17515.73047,4773.5,1079.540039,14.74,99.046455
28/03/2016,17535.39063,4766.790039,1080.22998,15.24,98.59655
29/03/2016,17633.10938,4846.620117,1109.079956,13.82,100.930466
30/03/2016,17716.66016,4869.290039,1110.439941,13.56,102.692619
31/03/2016,17685.08984,4869.850098,1114.030029,13.95,102.158356
01/04/2016,17792.75,4914.540039,1117.680054,13.1,103.095665
04/04/2016,17737,4891.799805,1108.540039,14.12,104.154839
05/04/2016,17603.32031,4843.930176,1095.849976,15.42,102.926964
06/04/2016,17716.05078,4920.720215,1108.810059,14.09,104.00486
07/04/2016,17541.96094,4848.370117,1092.790039,16.16,101.736557
08/04/2016,17576.96094,4850.689941,1097.310059,15.36,101.849045
11/04/2016,17556.41016,4833.399902,1094.339966,16.26,102.18647
12/04/2016,17721.25,4872.089844,1105.709961,14.85,103.517471
13/04/2016,17908.2793,4947.419922,1129.930054,13.84,105.017174
14/04/2016,17926.42969,4945.890137,1128.589966,13.72,105.07341
15/04/2016,17897.46094,4938.220215,1130.920044,13.62,102.964447
18/04/2016,18004.16016,4960.02002,1139.280029,13.35,100.742996
19/04/2016,18053.59961,4940.330078,1140.22998,13.24,100.20874
20/04/2016,18096.26953,4948.129883,1142.290039,13.28,100.414948
21/04/2016,17982.51953,4945.890137,1135.77002,13.95,99.32766
22/04/2016,18003.75,4906.22998,1146.689941,13.22,99.055832
25/04/2016,17977.24023,4895.790039,1138.099976,14.08,98.493446
26/04/2016,17990.32031,4888.279785,1150.72998,13.96,97.809196
27/04/2016,18041.55078,4863.140137,1154.150024,13.77,91.688515
28/04/2016,17830.75977,4805.290039,1140.400024,15.22,88.885933
29/04/2016,17773.64063,4775.359863,1130.849976,15.7,87.864235
02/05/2016,17891.16016,4817.589844,1140.920044,14.68,87.770515
03/05/2016,17750.91016,4763.220215,1121.76001,15.6,89.213974
04/05/2016,17651.25977,4725.640137,1113.130005,16.049999,88.286034
05/05/2016,17660.71094,4717.089844,1107.949951,15.91,87.927696
06/05/2016,17740.63086,4736.160156,1114.719971,14.72,87.437325
09/05/2016,17705.91016,4750.209961,1118.25,14.57,87.503319
10/05/2016,17928.34961,4809.879883,1128.829956,13.63,88.097427
11/05/2016,17711.11914,4760.689941,1114.73999,14.69,87.239273
12/05/2016,17720.5,4737.330078,1108.599976,14.41,85.192909
13/05/2016,17535.32031,4717.680176,1102.439941,15.04,85.362656
16/05/2016,17710.71094,4775.459961,1116.209961,14.68,88.531227
17/05/2016,17529.98047,4715.72998,1097.680054,15.57,88.163445
18/05/2016,17526.61914,4739.120117,1102.949951,15.95,89.172478
19/05/2016,17435.40039,4712.529785,1094.780029,16.33,88.832985
20/05/2016,17500.93945,4769.560059,1112.280029,15.2,89.794868
23/05/2016,17492.92969,4765.779785,1111.369995,15.82,90.935936
24/05/2016,17706.05078,4861.060059,1135.310059,14.42,92.322189
25/05/2016,17851.50977,4894.890137,1141.02002,13.9,93.944206
26/05/2016,17828.28906,4901.77002,1139.75,13.43,94.689178
27/05/2016,17873.2207,4933.5,1150.449951,13.12,94.632599
31/05/2016,17787.19922,4948.049805,1154.790039,14.19,94.170525
01/06/2016,17789.66992,4952.25,1163.040039,14.2,92.850273
02/06/2016,17838.56055,4971.359863,1170.579956,13.63,92.152458
03/06/2016,17807.06055,4942.52002,1164.130005,13.47,92.341049
06/06/2016,17920.33008,4968.709961,1176.869995,13.65,93.01059
07/06/2016,17938.2793,4961.75,1179.969971,14.05,93.38781
08/06/2016,18005.05078,4974.640137,1188.949951,14.08,93.302933
09/06/2016,17985.18945,4958.620117,1181.199951,14.64,93.972481
10/06/2016,17865.33984,4894.549805,1163.930054,17.030001,93.199211
13/06/2016,17732.48047,4848.439941,1150.699951,20.969999,91.794083
14/06/2016,17674.82031,4843.549805,1147.819946,20.5,91.907257
15/06/2016,17640.16992,4834.930176,1149.300049,20.139999,91.605484
16/06/2016,17733.09961,4844.919922,1148.189941,19.370001,91.992149
17/06/2016,17675.16016,4800.339844,1144.699951,19.41,89.898605
20/06/2016,17804.86914,4837.209961,1157.699951,18.370001,89.681717
21/06/2016,17829.73047,4843.759766,1153.869995,18.48,90.445557
22/06/2016,17780.83008,4833.319824,1148.969971,21.17,90.106094
23/06/2016,18011.07031,4910.040039,1172.219971,17.25,90.624741
24/06/2016,17400.75,4707.97998,1127.540039,25.76,88.078583
27/06/2016,17140.24023,4594.439941,1089.650024,23.85,86.796043
28/06/2016,17409.7207,4691.870117,1107.300049,18.75,88.257751
29/06/2016,17694.67969,4779.25,1131.619995,16.639999,89.021591
30/06/2016,17929.99023,4842.669922,1151.920044,15.63,90.153221
01/07/2016,17949.36914,4862.569824,1156.77002,14.77,90.426697
05/07/2016,17840.61914,4822.899902,1139.449951,15.58,89.577995
06/07/2016,17918.61914,4859.160156,1147.329956,14.96,90.087227
07/07/2016,17895.88086,4876.810059,1149.76001,14.76,90.473869
08/07/2016,18146.74023,4956.759766,1177.359985,13.2,91.171707
11/07/2016,18226.92969,4988.640137,1190.030029,13.54,91.454613
12/07/2016,18347.66992,5022.819824,1205.890015,13.55,91.869545
13/07/2016,18372.11914,5005.72998,1201.160034,13.04,91.350861
14/07/2016,18506.41016,5034.060059,1202.170044,12.82,93.161491
15/07/2016,18516.55078,5029.589844,1205.310059,12.67,93.152061
18/07/2016,18533.05078,5055.779785,1207.910034,12.44,94.142235
19/07/2016,18559.00977,5036.370117,1200.449951,11.97,94.179955
20/07/2016,18595.0293,5089.930176,1209.73999,11.77,94.264832
21/07/2016,18517.23047,5073.899902,1203.859985,12.74,93.76503
22/07/2016,18570.84961,5100.160156,1212.890015,12.02,93.038895
25/07/2016,18493.06055,5097.629883,1209.819946,12.87,91.794083
26/07/2016,18473.75,5110.049805,1216.859985,13.05,91.16227
27/07/2016,18472.16992,5139.810059,1218.930054,12.83,97.084442
28/07/2016,18456.34961,5154.97998,1217.329956,12.72,98.395256
29/07/2016,18432.24023,5162.129883,1219.939941,11.87,98.272682
01/08/2016,18404.50977,5184.200195,1219.119995,12.44,100.007835
02/08/2016,18313.76953,5137.72998,1202.349976,13.37,98.527306
03/08/2016,18355,5159.740234,1212.72998,12.86,99.762665
04/08/2016,18352.05078,5166.25,1213.76001,12.42,100.378944
05/08/2016,18543.5293,5221.120117,1231.300049,11.39,101.905434
08/08/2016,18529.28906,5213.140137,1230.420044,11.5,102.749283
09/08/2016,18533.05078,5225.47998,1231.73999,11.66,103.166451
10/08/2016,18495.66016,5204.580078,1223.27002,12.05,102.398483
11/08/2016,18613.51953,5228.399902,1229.119995,11.68,102.3321
12/08/2016,18576.4707,5232.890137,1229.819946,11.55,102.569138
15/08/2016,18636.05078,5262.02002,1241.859985,11.81,103.801735
16/08/2016,18552.01953,5227.109863,1231.130005,12.64,103.706894
17/08/2016,18573.93945,5228.660156,1227.680054,12.19,103.555183
18/08/2016,18597.69922,5240.149902,1236.849976,11.43,103.422455
19/08/2016,18552.57031,5238.379883,1236.77002,11.34,103.687935
22/08/2016,18529.41992,5244.600098,1239.73999,12.27,102.882019
23/08/2016,18547.30078,5260.080078,1248.579956,12.38,103.204376
24/08/2016,18481.48047,5217.689941,1237.25,13.45,102.42691
25/08/2016,18448.41016,5212.200195,1240,13.63,101.990784
26/08/2016,18395.40039,5218.919922,1238.030029,13.65,101.393433
29/08/2016,18502.99023,5232.330078,1244.939941,12.94,101.279671
30/08/2016,18454.30078,5222.990234,1246.030029,13.12,100.502213
31/08/2016,18400.88086,5213.220215,1239.910034,13.42,100.597023
01/09/2016,18419.30078,5227.209961,1239.800049,13.48,101.194344
02/09/2016,18491.96094,5249.899902,1251.829956,11.98,102.142479
06/09/2016,18538.11914,5275.910156,1253.369995,12.02,102.114029
07/09/2016,18526.14063,5283.930176,1261.01001,11.94,102.739792
08/09/2016,18479.91016,5259.47998,1258.359985,12.51,100.047104
09/09/2016,18085.44922,5125.910156,1219.209961,17.5,97.781059
12/09/2016,18325.07031,5211.890137,1235.869995,15.16,99.971252
13/09/2016,18066.75,5155.25,1212.319946,17.85,102.351059
14/09/2016,18034.76953,5173.77002,1211.589966,18.139999,105.972939
15/09/2016,18212.48047,5249.689941,1227.02002,16.299999,109.575851
16/09/2016,18123.80078,5244.569824,1224.780029,15.37,108.959564
19/09/2016,18120.16992,5235.029785,1232.530029,15.53,107.689056
20/09/2016,18129.96094,5241.350098,1228.329956,15.92,107.679581
21/09/2016,18293.69922,5295.180176,1245.040039,13.3,107.660614
22/09/2016,18392.46094,5339.52002,1263.439941,12.02,108.675133
23/09/2016,18261.44922,5305.75,1254.619995,12.29,106.864174
26/09/2016,18094.83008,5257.490234,1240.939941,14.5,107.025368
27/09/2016,18228.30078,5305.709961,1246.380005,13.1,107.22448
28/09/2016,18339.24023,5318.549805,1255.670044,12.39,108.039864
29/09/2016,18143.44922,5269.149902,1237.75,14.02,106.361687
30/09/2016,18308.15039,5312,1251.650024,13.29,107.186554
03/10/2016,18253.84961,5300.870117,1245.780029,13.57,106.684036
04/10/2016,18168.44922,5289.660156,1239.780029,13.63,107.139137
05/10/2016,18281.0293,5316.02002,1248.369995,12.99,107.186554
06/10/2016,18268.5,5306.850098,1246.23999,12.84,107.982986
07/10/2016,18240.49023,5292.399902,1236.560059,13.48,108.144157
10/10/2016,18329.03906,5328.669922,1250.76001,13.38,110.030952
11/10/2016,18128.66016,5246.790039,1227.619995,15.36,110.267975
12/10/2016,18144.19922,5239.02002,1227.22998,15.91,111.254036
13/10/2016,18098.93945,5213.330078,1215.75,16.690001,110.91272
14/10/2016,18138.38086,5214.160156,1212.410034,16.120001,111.528984
17/10/2016,18086.40039,5199.819824,1210.140015,16.209999,111.453133
18/10/2016,18161.93945,5243.839844,1217.300049,15.28,111.377304
19/10/2016,18202.61914,5246.410156,1222.640015,14.41,111.045448
20/10/2016,18162.34961,5241.830078,1219.790039,13.75,110.988579
21/10/2016,18145.71094,5257.399902,1218.099976,13.34,110.552422
24/10/2016,18223.0293,5309.830078,1226.449951,13.02,111.547951
25/10/2016,18169.26953,5283.399902,1216.099976,13.46,112.116829
26/10/2016,18199.33008,5250.27002,1204.75,14.24,109.594803
27/10/2016,18169.67969,5215.970215,1189.949951,15.36,108.542366
28/10/2016,18161.18945,5190.100098,1187.609985,16.190001,107.821785
31/10/2016,18142.41992,5189.140137,1191.390015,17.059999,107.651123
01/11/2016,18037.09961,5153.580078,1177.939941,18.559999,105.707443
02/11/2016,17959.64063,5105.569824,1162.52002,19.32,105.802261
03/11/2016,17930.66992,5058.410156,1156.890015,22.08,104.668221
04/11/2016,17888.2793,5046.370117,1163.439941,22.51,103.724724
07/11/2016,18259.59961,5166.169922,1192.25,18.709999,105.220932
08/11/2016,18332.74023,5193.490234,1195.140015,18.74,105.840378
09/11/2016,18589.68945,5251.069824,1232.160034,14.38,105.668861
10/11/2016,18807.88086,5208.799805,1251.609985,14.74,102.724083
11/11/2016,18847.66016,5237.109863,1282.380005,14.17,103.334007
14/11/2016,18868.68945,5218.399902,1298.599976,14.48,100.741837
15/11/2016,18923.06055,5275.620117,1302.140015,13.37,102.07605
16/11/2016,18868.14063,5294.580078,1302.199951,13.72,104.820671
17/11/2016,18903.82031,5333.970215,1309.47998,13.35,104.782547
18/11/2016,18867.92969,5321.509766,1315.640015,12.85,104.887405
21/11/2016,18956.68945,5368.859863,1322.22998,12.42,106.478912
22/11/2016,19023.86914,5386.350098,1334.339966,12.41,106.545609
23/11/2016,19083.17969,5380.680176,1342.089966,12.43,106.002403
25/11/2016,19152.14063,5398.919922,1347.199951,12.34,106.536087
28/11/2016,19097.90039,5368.810059,1329.829956,13.15,106.326416
29/11/2016,19121.59961,5379.919922,1328.219971,12.9,106.221603
30/11/2016,19123.58008,5323.680176,1322.339966,13.33,105.325768
01/12/2016,19191.92969,5251.109863,1313.800049,14.07,104.344177
02/12/2016,19170.41992,5255.649902,1314.25,14.12,104.734901
05/12/2016,19216.24023,5308.890137,1337.790039,12.14,103.982048
06/12/2016,19251.7793,5333,1352.670044,11.79,104.782547
07/12/2016,19549.61914,5393.759766,1364.51001,12.22,105.811821
08/12/2016,19614.81055,5417.359863,1386.369995,12.64,106.850578
09/12/2016,19756.84961,5444.5,1388.069946,11.75,108.594566
12/12/2016,19796.42969,5412.540039,1373.140015,12.64,107.975121
13/12/2016,19911.21094,5463.830078,1373.530029,12.72,109.776306
14/12/2016,19792.5293,5436.669922,1356.02002,13.19,109.776306
15/12/2016,19852.24023,5456.850098,1366.410034,12.79,110.376678
16/12/2016,19843.41016,5437.160156,1364.189941,12.2,110.51963
19/12/2016,19883.06055,5457.439941,1371.680054,11.71,111.15815
20/12/2016,19974.61914,5483.939941,1383.959961,11.45,111.453575
21/12/2016,19941.96094,5471.430176,1375.189941,11.27,111.558411
22/12/2016,19918.88086,5447.419922,1362.660034,11.43,110.824593
23/12/2016,19933.81055,5462.689941,1371.51001,11.44,111.043777
27/12/2016,19945.03906,5487.439941,1377.709961,11.99,111.749001
28/12/2016,19833.67969,5438.560059,1360.829956,12.95,111.272507
29/12/2016,19819.7793,5432.089844,1363.180054,13.37,111.243919
30/12/2016,19762.59961,5383.120117,1357.130005,14.04,110.376678
03/01/2017,19881.75977,5429.080078,1365.48999,12.85,110.691154
04/01/2017,19942.16016,5477,1387.949951,11.85,110.567276
05/01/2017,19899.28906,5487.939941,1371.939941,11.67,111.129562
06/01/2017,19963.80078,5521.060059,1367.280029,11.32,112.368469
09/01/2017,19887.38086,5531.819824,1357.48999,11.56,113.397697
10/01/2017,19855.5293,5551.819824,1370.900024,11.49,113.51207
11/01/2017,19954.2793,5563.649902,1373.300049,11.26,114.121986
12/01/2017,19891,5547.490234,1361.069946,11.54,113.645454
13/01/2017,19885.73047,5574.120117,1372.050049,11.23,113.445343
17/01/2017,19826.76953,5538.72998,1352.319946,11.87,114.360237
18/01/2017,19804.7207,5555.649902,1358.560059,12.48,114.350693
19/01/2017,19732.40039,5540.080078,1345.73999,12.78,114.150558
20/01/2017,19827.25,5555.330078,1351.849976,11.54,114.360237
23/01/2017,19799.84961,5552.939941,1347.839966,11.77,114.436478
24/01/2017,19912.71094,5600.959961,1369.209961,11.07,114.33165
25/01/2017,20068.50977,5656.339844,1382.439941,10.81,116.151878
26/01/2017,20100.91016,5655.180176,1375.599976,10.63,116.209045
27/01/2017,20093.7793,5660.779785,1370.699951,10.58,116.218582
30/01/2017,19971.13086,5613.709961,1352.329956,11.88,115.913605
31/01/2017,19864.08984,5614.790039,1361.819946,11.99,115.646774
01/02/2017,19890.93945,5642.649902,1361.22998,11.81,122.69899
02/02/2017,19884.91016,5636.200195,1357.430054,11.93,122.489342
03/02/2017,20071.46094,5666.77002,1377.839966,10.97,123.013496
06/02/2017,20052.41992,5663.549805,1366.660034,11.37,124.166626
07/02/2017,20090.28906,5674.220215,1361.060059,11.29,125.348328
08/02/2017,20054.33984,5682.450195,1358.73999,11.45,125.834366
09/02/2017,20172.40039,5715.180176,1378.530029,10.88,126.743645
10/02/2017,20269.36914,5734.129883,1388.839966,10.85,126.45649
13/02/2017,20412.16016,5763.959961,1392.380005,11.07,127.57634
14/02/2017,20504.41016,5782.569824,1396.650024,10.74,129.232193
15/02/2017,20611.85938,5819.439941,1404.209961,11.97,129.701187
16/02/2017,20619.76953,5814.899902,1399.130005,11.76,129.54805
17/02/2017,20624.05078,5838.580078,1399.859985,11.49,129.902206
21/02/2017,20743,5865.950195,1410.339966,11.57,130.84021
22/02/2017,20775.59961,5860.629883,1403.859985,11.74,131.232605
23/02/2017,20810.32031,5835.509766,1394.619995,11.71,130.67746
24/02/2017,20821.75977,5845.310059,1394.52002,11.47,130.801926
27/02/2017,20837.43945,5861.899902,1407.969971,12.09,131.060333
28/02/2017,20812.24023,5825.439941,1386.680054,12.92,131.117783
01/03/2017,21115.55078,5904.029785,1413.640015,12.54,133.797699
02/03/2017,21002.9707,5861.220215,1395.670044,11.81,133.003311
03/03/2017,21005.71094,5870.75,1394.130005,10.96,133.788147
06/03/2017,20954.33984,5849.180176,1384.25,11.24,133.367004
07/03/2017,20924.75977,5833.930176,1374.880005,11.45,133.539307
08/03/2017,20855.73047,5837.549805,1366.040039,11.86,133.04158
09/03/2017,20858.18945,5838.810059,1360.119995,12.3,132.735291
10/03/2017,20902.98047,5861.72998,1365.26001,11.66,133.175598
13/03/2017,20881.48047,5875.779785,1370.280029,11.35,133.233002
14/03/2017,20837.36914,5856.819824,1362.380005,12.3,133.032028
15/03/2017,20950.09961,5900.049805,1382.829956,11.63,134.439026
16/03/2017,20934.55078,5900.759766,1386.030029,11.21,134.659134
17/03/2017,20914.61914,5901,1391.52002,11.28,133.989166
20/03/2017,20905.85938,5901.529785,1384.099976,11.34,135.396149
21/03/2017,20668.00977,5793.830078,1346.550049,12.47,133.845581
22/03/2017,20661.30078,5821.640137,1345.599976,12.81,135.357864
23/03/2017,20656.58008,5817.689941,1353.430054,13.12,134.879257
24/03/2017,20596.7207,5828.740234,1354.640015,12.96,134.611282
27/03/2017,20550.98047,5840.370117,1357.319946,12.5,134.841019
28/03/2017,20701.5,5875.140137,1367.26001,11.53,137.635849
29/03/2017,20659.32031,5897.549805,1371.640015,11.42,137.942093
30/03/2017,20728.49023,5914.339844,1382.349976,11.54,137.760239
31/03/2017,20663.2207,5911.740234,1385.920044,12.37,137.501846
03/04/2017,20650.21094,5894.680176,1369.670044,12.38,137.540146
04/04/2017,20689.24023,5898.609863,1368.180054,11.79,138.564255
05/04/2017,20648.15039,5864.47998,1352.140015,12.89,137.84639
06/04/2017,20662.94922,5878.950195,1364.430054,12.39,137.501846
07/04/2017,20656.09961,5877.810059,1364.560059,12.87,137.195557
10/04/2017,20658.01953,5880.930176,1367.089966,14.05,137.032837
11/04/2017,20651.30078,5866.77002,1376.949951,15.07,135.558868
12/04/2017,20591.85938,5836.160156,1359.199951,15.77,135.721542
13/04/2017,20453.25,5805.149902,1345.23999,15.96,135.003723
17/04/2017,20636.91992,5856.790039,1361.180054,14.66,135.750275
18/04/2017,20523.2793,5849.470215,1361.890015,14.42,135.147308
19/04/2017,20404.49023,5863.029785,1367.130005,14.93,134.649567
20/04/2017,20578.71094,5916.779785,1384.150024,14.15,136.334137
21/04/2017,20547.75977,5910.52002,1379.849976,14.63,136.171432
24/04/2017,20763.89063,5983.819824,1397.939941,10.84,137.482697
25/04/2017,20996.11914,6025.490234,1411.079956,10.76,138.334549
26/04/2017,20975.08984,6025.22998,1419.430054,10.85,137.520996
27/04/2017,20981.33008,6048.939941,1417.130005,10.36,137.626251
28/04/2017,20940.50977,6047.609863,1400.430054,10.82,137.492264
01/05/2017,20913.46094,6091.600098,1407.359985,10.11,140.296677
02/05/2017,20949.89063,6095.370117,1399.359985,10.59,141.186783
03/05/2017,20957.90039,6072.549805,1390.920044,10.68,140.756119
04/05/2017,20951.4707,6075.339844,1388.849976,10.46,140.248795
05/05/2017,21006.93945,6100.759766,1397,10.57,142.574631
08/05/2017,21012.2793,6102.660156,1391.640015,9.77,146.45105
09/05/2017,20975.7793,6120.589844,1391.859985,9.96,147.389038
10/05/2017,20943.10938,6129.140137,1399.589966,10.21,146.690308
11/05/2017,20919.41992,6115.959961,1390.199951,10.6,147.958923
12/05/2017,20896.60938,6121.22998,1382.77002,10.4,150.025269
15/05/2017,20981.93945,6149.669922,1393.920044,10.42,149.640854
16/05/2017,20979.75,6169.870117,1394.680054,10.65,149.419769
17/05/2017,20606.92969,6011.240234,1355.890015,15.59,144.402939
18/05/2017,20663.01953,6055.129883,1361.079956,14.66,146.60379
19/05/2017,20804.83984,6083.700195,1367.329956,12.04,147.103546
22/05/2017,20894.83008,6133.620117,1377.140015,10.93,147.997375
23/05/2017,20937.91016,6138.709961,1380.97998,10.72,147.814774
24/05/2017,21012.41992,6163.02002,1382.51001,10.02,147.372681
25/05/2017,21082.94922,6205.259766,1383.390015,9.99,147.882019
26/05/2017,21080.2793,6210.189941,1382.23999,9.81,147.632202
30/05/2017,21029.4707,6203.189941,1371.189941,10.38,147.68985
31/05/2017,21008.65039,6198.52002,1370.209961,10.41,146.815247
01/06/2017,21144.17969,6246.830078,1396.060059,9.89,147.218903
02/06/2017,21206.28906,6305.799805,1405.390015,9.75,149.400574
05/06/2017,21184.03906,6295.680176,1396.449951,10.07,147.939713
06/06/2017,21136.23047,6275.060059,1394.900024,10.45,148.439484
07/06/2017,21173.68945,6297.379883,1396.670044,10.39,149.3237
08/06/2017,21182.5293,6321.759766,1415.609985,10.16,148.958481
09/06/2017,21271.9707,6207.919922,1421.709961,10.7,143.182343
12/06/2017,21235.66992,6175.459961,1419.209961,11.46,139.76091
13/06/2017,21328.4707,6220.370117,1425.98999,10.42,140.885376
14/06/2017,21374.56055,6194.890137,1417.569946,10.64,139.511017
15/06/2017,21359.90039,6165.5,1410.079956,10.9,138.674835
16/06/2017,21384.2793,6151.759766,1406.72998,10.38,136.73349
19/06/2017,21528.99023,6239.009766,1418.079956,10.37,140.645081
20/06/2017,21467.14063,6188.029785,1402.969971,10.86,139.366852
21/06/2017,21410.0293,6233.950195,1399.25,10.75,140.193375
22/06/2017,21397.28906,6236.689941,1404.540039,10.48,139.962753
23/06/2017,21394.75977,6265.25,1414.780029,10.02,140.587418
26/06/2017,21409.55078,6247.149902,1416.640015,9.9,140.145325
27/06/2017,21310.66016,6146.620117,1403.52002,11.06,138.136642
28/06/2017,21454.60938,6234.410156,1425.27002,10.03,140.154953
29/06/2017,21287.0293,6144.350098,1416.199951,11.44,138.088608
30/06/2017,21349.63086,6140.419922,1415.359985,11.18,138.415375
03/07/2017,21479.26953,6110.060059,1426.680054,11.22,137.915588
05/07/2017,21478.16992,6150.859863,1420.150024,11.07,138.482651
06/07/2017,21320.03906,6089.459961,1400.810059,12.54,137.175583
07/07/2017,21414.33984,6153.080078,1415.839966,11.19,138.569153
10/07/2017,21408.51953,6176.390137,1408.469971,11.11,139.414871
11/07/2017,21409.07031,6193.299805,1413.050049,10.89,139.866608
12/07/2017,21532.14063,6261.169922,1424.319946,10.3,140.068436
13/07/2017,21553.08984,6274.439941,1425.660034,9.9,142.01947
14/07/2017,21637.74023,6312.470215,1428.819946,9.51,143.240021
17/07/2017,21629.7207,6314.430176,1431.599976,9.82,143.739761
18/07/2017,21574.73047,6344.310059,1427.609985,9.89,144.239548
19/07/2017,21640.75,6385.040039,1441.77002,9.79,145.14296
20/07/2017,21611.7793,6390,1442.349976,9.58,144.48941
21/07/2017,21580.07031,6387.75,1435.839966,9.36,144.422134
24/07/2017,21513.16992,6410.810059,1438.050049,9.43,146.171341
25/07/2017,21613.42969,6412.169922,1450.390015,9.43,146.796021
26/07/2017,21711.00977,6422.75,1442.280029,9.6,147.488022
27/07/2017,21796.55078,6382.189941,1433.619995,10.11,144.700867
28/07/2017,21830.31055,6374.680176,1429.26001,10.29,143.682114
31/07/2017,21891.11914,6348.120117,1425.140015,10.26,142.942078
01/08/2017,21963.91992,6362.939941,1428.329956,10.09,144.210724
02/08/2017,22016.24023,6362.649902,1412.900024,10.28,151.024796
03/08/2017,22026.09961,6340.339844,1405.22998,10.44,149.5159
04/08/2017,22092.81055,6351.560059,1412.319946,10.03,150.303986
07/08/2017,22118.41992,6383.77002,1414.170044,9.93,152.629822
08/08/2017,22085.33984,6370.459961,1410.150024,10.96,153.850388
09/08/2017,22048.69922,6352.330078,1396.949951,11.11,154.792236
10/08/2017,21844.00977,6216.870117,1372.540039,16.040001,149.861832
11/08/2017,21858.32031,6256.560059,1374.22998,15.51,151.945938
14/08/2017,21993.71094,6340.22998,1394.310059,12.33,154.232635
15/08/2017,21998.99023,6333.009766,1383.23999,12.04,155.921127
16/08/2017,22024.86914,6345.109863,1383.530029,11.74,155.293991
17/08/2017,21750.73047,6221.910156,1358.939941,15.55,152.312561
18/08/2017,21674.50977,6216.529785,1357.790039,14.26,151.96524
21/08/2017,21703.75,6213.129883,1356.900024,13.19,151.685425
22/08/2017,21899.89063,6297.47998,1371.540039,11.35,154.165115
23/08/2017,21812.08984,6278.410156,1369.73999,12.25,154.358063
24/08/2017,21783.40039,6271.330078,1373.880005,12.23,153.673019
25/08/2017,21813.66992,6265.640137,1377.449951,11.28,154.242294
28/08/2017,21808.40039,6283.02002,1382.22998,11.32,155.795715
29/08/2017,21865.36914,6301.890137,1383.680054,11.7,157.185104
30/08/2017,21892.42969,6368.310059,1391.319946,11.22,157.609665
31/08/2017,21948.09961,6428.660156,1405.280029,10.59,158.236786
01/09/2017,21987.56055,6435.330078,1413.569946,10.13,158.285065
05/09/2017,21753.31055,6375.569824,1399.660034,12.23,156.384277
06/09/2017,21807.64063,6393.310059,1402.199951,11.63,156.220215
07/09/2017,21784.7793,6397.870117,1398.670044,11.55,155.593094
08/09/2017,21797.78906,6360.189941,1399.430054,12.12,153.055527
11/09/2017,22057.36914,6432.259766,1414.829956,10.73,155.824661
12/09/2017,22118.85938,6454.279785,1423.459961,10.58,155.207169
13/09/2017,22158.17969,6460.189941,1426.890015,10.5,154.039673
14/09/2017,22203.48047,6429.080078,1425.02002,10.44,152.717804
15/09/2017,22268.33984,6448.470215,1431.709961,10.17,154.261597
18/09/2017,22331.34961,6454.640137,1441.079956,10.15,153.094116
19/09/2017,22370.80078,6461.319824,1440.400024,10.18,153.151978
20/09/2017,22412.58984,6456.040039,1445.420044,9.78,150.58548
21/09/2017,22359.23047,6422.689941,1444.180054,9.67,147.999649
22/09/2017,22349.58984,6426.919922,1450.780029,9.59,146.552353
25/09/2017,22296.08984,6370.589844,1451.959961,10.21,145.25946
26/09/2017,22284.32031,6380.160156,1456.859985,10.17,147.758423
27/09/2017,22340.71094,6453.259766,1484.810059,9.87,148.81012
28/09/2017,22381.19922,6453.450195,1488.790039,9.55,147.893524
29/09/2017,22405.08984,6495.959961,1490.859985,9.51,148.703979
02/10/2017,22557.59961,6516.720215,1509.469971,9.45,148.404892
03/10/2017,22641.66992,6531.709961,1511.969971,9.51,149.051361
04/10/2017,22661.64063,6534.629883,1507.76001,9.63,148.086502
05/10/2017,22775.39063,6585.359863,1512.089966,9.19,149.929367
06/10/2017,22773.66992,6590.180176,1510.219971,9.65,149.842514
09/10/2017,22761.07031,6579.72998,1503.560059,10.33,150.363541
10/10/2017,22830.67969,6587.25,1508.01001,10.08,150.421432
11/10/2017,22872.89063,6603.549805,1506.920044,9.85,151.048615
12/10/2017,22841.00977,6591.509766,1505.160034,9.91,150.51796
13/10/2017,22871.7207,6605.799805,1502.660034,9.61,151.47316
16/10/2017,22956.96094,6624,1502.680054,9.91,154.261597
17/10/2017,22997.43945,6623.660156,1497.5,10.31,154.830856
18/10/2017,23157.59961,6624.220215,1505.140015,10.07,154.145813
19/10/2017,23163.03906,6605.069824,1502.040039,10.05,150.498627
20/10/2017,23328.63086,6629.049805,1509.25,9.97,150.75914
23/10/2017,23273.96094,6586.830078,1497.48999,11.07,150.681976
24/10/2017,23441.75977,6598.430176,1500.420044,11.16,151.579269
25/10/2017,23329.46094,6563.890137,1493.47998,11.23,150.913528
26/10/2017,23400.85938,6556.77002,1497.459961,11.3,151.878357
27/10/2017,23434.18945,6701.259766,1508.319946,9.8,157.32016
30/10/2017,23348.74023,6698.959961,1490.900024,10.5,160.861237
31/10/2017,23377.24023,6727.669922,1502.530029,10.18,163.09967
01/11/2017,23435.00977,6716.529785,1492.780029,10.2,161.025253
02/11/2017,23516.25977,6714.939941,1496.550049,9.93,162.202377
03/11/2017,23539.18945,6764.439941,1494.910034,9.14,166.438095
06/11/2017,23548.41992,6786.439941,1497.959961,9.4,168.126602
07/11/2017,23557.23047,6767.779785,1479.089966,9.89,168.666901
08/11/2017,23563.35938,6789.120117,1481.72998,9.78,170.046692
09/11/2017,23461.93945,6750.049805,1475.02002,10.5,169.699356
10/11/2017,23422.21094,6750.939941,1475.27002,11.29,169.13768
13/11/2017,23439.69922,6757.600098,1475.069946,11.5,168.459869
14/11/2017,23409.4707,6737.870117,1471.26001,11.59,165.913132
15/11/2017,23271.2793,6706.209961,1464.089966,13.13,163.724716
16/11/2017,23458.35938,6793.290039,1486.880005,11.76,165.680771
17/11/2017,23358.24023,6782.790039,1492.819946,11.43,164.760849
20/11/2017,23430.33008,6790.709961,1503.400024,10.65,164.596252
21/11/2017,23590.83008,6862.47998,1518.890015,9.73,167.656158
22/11/2017,23526.17969,6867.359863,1516.76001,9.88,169.418503
24/11/2017,23557.99023,6889.160156,1519.160034,9.67,169.428192
27/11/2017,23580.7793,6878.52002,1513.310059,9.87,168.576065
28/11/2017,23836.71094,6912.359863,1536.430054,10.03,167.588379
29/11/2017,23940.67969,6824.390137,1542.300049,10.7,164.112122
30/11/2017,24272.34961,6873.970215,1544.140015,11.28,166.407013
01/12/2017,24231.58984,6847.589844,1537.02002,11.43,165.632339
04/12/2017,24290.05078,6775.370117,1532.410034,11.68,164.421921
05/12/2017,24180.64063,6762.209961,1516.76001,11.33,164.266983
06/12/2017,24140.91016,6776.379883,1508.880005,11.02,163.656967
07/12/2017,24211.48047,6812.839844,1520.469971,10.16,163.957169
08/12/2017,24329.16016,6840.080078,1521.719971,9.58,164.005539
11/12/2017,24386.0293,6875.080078,1519.839966,9.34,167.201035
12/12/2017,24504.80078,6862.319824,1516.119995,9.92,166.261749
13/12/2017,24585.42969,6875.799805,1524.449951,10.18,166.813705
14/12/2017,24508.66016,6856.529785,1506.949951,10.49,166.765289
15/12/2017,24651.74023,6936.580078,1530.420044,9.42,168.459869
18/12/2017,24792.19922,6994.759766,1548.920044,9.53,170.832275
19/12/2017,24754.75,6963.850098,1536.75,10.03,169.01178
20/12/2017,24726.65039,6960.959961,1540.079956,9.72,168.82782
21/12/2017,24782.28906,6965.359863,1547.109985,9.62,169.466919
22/12/2017,24754.06055,6959.959961,1542.930054,9.9,169.466919
26/12/2017,24746.21094,6936.25,1544.22998,10.25,165.167572
27/12/2017,24774.30078,6939.339844,1543.939941,10.47,165.196625
28/12/2017,24837.50977,6950.160156,1548.930054,10.18,165.661407
29/12/2017,24719.2207,6903.390137,1535.51001,11.04,163.869995
02/01/2018,24824.00977,7006.899902,1550.01001,9.77,166.804016
03/01/2018,24922.67969,7065.529785,1552.579956,9.15,166.774963
04/01/2018,25075.13086,7077.910156,1555.719971,9.22,167.549622
05/01/2018,25295.86914,7136.560059,1560.01001,9.22,169.457214
08/01/2018,25283,7157.390137,1561.810059,9.52,168.82782
09/01/2018,25385.80078,7163.580078,1560.099976,10.08,168.808456
10/01/2018,25369.13086,7153.569824,1559.800049,9.82,168.769714
11/01/2018,25574.73047,7211.779785,1586.790039,9.88,169.728378
12/01/2018,25803.18945,7261.060059,1591.969971,10.16,171.481064
16/01/2018,25792.85938,7223.689941,1572.969971,11.66,170.609558
17/01/2018,26115.65039,7298.279785,1586.660034,11.91,173.427399
18/01/2018,26017.81055,7296.049805,1576.72998,12.22,173.582321
19/01/2018,26071.7207,7336.379883,1597.630005,11.27,172.807663
22/01/2018,26214.59961,7408.029785,1605.170044,11.03,171.393921
23/01/2018,26210.81055,7460.290039,1610.709961,11.1,171.432632
24/01/2018,26252.11914,7415.060059,1601.77002,11.47,168.70195
25/01/2018,26392.78906,7411.160156,1601.670044,11.58,165.690445
26/01/2018,26616.71094,7505.77002,1608.060059,11.08,166.077759
29/01/2018,26439.48047,7466.509766,1598.109985,13.84,162.640213
30/01/2018,26076.89063,7402.47998,1582.819946,14.79,161.68158
31/01/2018,26149.39063,7411.47998,1574.97998,13.54,162.127014
01/02/2018,26186.71094,7385.859863,1579.869995,13.47,162.465912
02/02/2018,25520.96094,7240.950195,1547.27002,17.309999,155.416519
05/02/2018,24345.75,6967.529785,1491.089966,37.32,151.533508
06/02/2018,24912.76953,7115.879883,1507.170044,29.98,157.866333
07/02/2018,24893.34961,7051.97998,1507.969971,27.73,154.486877
08/02/2018,23860.46094,6777.160156,1463.790039,33.459999,150.235947
09/02/2018,24190.90039,6874.490234,1477.839966,29.059999,152.073547
12/02/2018,24601.26953,6981.959961,1490.97998,25.610001,158.198883
13/02/2018,24640.44922,7013.509766,1494.949951,24.969999,159.783676
14/02/2018,24893.49023,7143.620117,1522.099976,19.26,162.729675
15/02/2018,25200.36914,7256.430176,1537.199951,19.129999,168.193878
16/02/2018,25219.38086,7239.470215,1543.550049,19.459999,167.649399
20/02/2018,24964.75,7234.310059,1529.98999,20.6,167.08548
21/02/2018,24797.7793,7218.22998,1531.839966,20.02,166.327103
22/02/2018,24962.48047,7210.089844,1529.98999,18.719999,167.717453
23/02/2018,25309.99023,7337.390137,1549.189941,16.49,170.634277
26/02/2018,25709.26953,7421.459961,1559.329956,15.8,174.008057
27/02/2018,25410.0293,7330.350098,1536.469971,18.59,173.444168
28/02/2018,25029.19922,7273.009766,1512.449951,19.85,173.181656
01/03/2018,24608.98047,7180.560059,1507.390015,22.469999,170.148117
02/03/2018,24538.06055,7257.870117,1533.170044,19.59,171.3246
05/03/2018,24874.75977,7330.709961,1546.050049,18.73,171.917709
06/03/2018,24884.11914,7372.009766,1562.199951,18.360001,171.771851
07/03/2018,24801.35938,7396.649902,1574.530029,17.76,170.177322
08/03/2018,24895.21094,7427.950195,1571.969971,16.540001,172.034363
09/03/2018,25335.74023,7560.810059,1597.140015,14.64,174.990051
12/03/2018,25178.60938,7588.319824,1601.060059,15.78,176.681824
13/03/2018,25007.0293,7511.009766,1592.050049,16.35,174.980347
14/03/2018,24758.11914,7496.810059,1584.310059,17.23,173.492752
15/03/2018,24873.66016,7481.740234,1576.619995,16.59,173.69693
16/03/2018,24946.50977,7481.990234,1586.050049,15.8,173.084427
19/03/2018,24610.91016,7344.240234,1570.560059,19.02,170.439835
20/03/2018,24727.26953,7364.299805,1570.410034,18.200001,170.3815
21/03/2018,24682.31055,7345.290039,1579.300049,17.860001,166.521561
22/03/2018,23957.89063,7166.680176,1543.869995,23.34,164.168655
23/03/2018,23533.19922,6992.669922,1510.079956,24.870001,160.367035
26/03/2018,24202.59961,7220.540039,1543.719971,21.030001,167.979996
27/03/2018,23857.71094,7008.810059,1513.569946,22.5,163.672775
28/03/2018,23848.41992,6949.22998,1513.030029,22.870001,161.864365
29/03/2018,24103.10938,7063.450195,1529.430054,19.969999,163.128311
02/04/2018,23644.18945,6870.120117,1492.530029,23.620001,162.058807
03/04/2018,24033.35938,6941.279785,1512.150024,21.1,163.72142
04/04/2018,24264.30078,7042.109863,1531.660034,20.059999,166.852142
05/04/2018,24505.2207,7076.549805,1542.930054,18.940001,168.009125
06/04/2018,23932.75977,6915.109863,1513.300049,21.49,163.7117
09/04/2018,23979.09961,6950.339844,1514.459961,21.77,165.335388
10/04/2018,24408,7094.299805,1543.430054,20.469999,168.446671
11/04/2018,24189.44922,7069.029785,1546.800049,20.24,167.659119
12/04/2018,24483.05078,7140.25,1557.329956,18.49,169.311996
13/04/2018,24360.14063,7106.649902,1549.51001,17.41,169.885605
16/04/2018,24573.03906,7156.279785,1563.030029,16.559999,170.945419
17/04/2018,24786.63086,7281.100098,1579.800049,15.25,173.298309
18/04/2018,24748.07031,7295.240234,1583.560059,15.6,172.909393
19/04/2018,24664.89063,7238.060059,1573.819946,15.96,168.009125
20/04/2018,24462.93945,7146.129883,1564.119995,16.879999,161.125412
23/04/2018,24448.68945,7128.600098,1562.119995,16.34,160.658752
24/04/2018,24024.13086,7007.350098,1553.280029,18.02,158.422516
25/04/2018,24083.83008,7003.740234,1550.469971,17.84,159.112808
26/04/2018,24322.33984,7118.680176,1557.890015,16.24,159.667007
27/04/2018,24311.18945,7119.799805,1556.23999,15.41,157.819687
30/04/2018,24163.15039,7066.27002,1541.880005,15.93,160.678177
01/05/2018,24099.05078,7130.700195,1550.329956,15.49,164.411697
02/05/2018,23924.98047,7100.899902,1554.910034,15.97,171.674622
03/05/2018,23930.15039,7088.149902,1546.560059,15.9,171.985733
04/05/2018,24262.50977,7209.620117,1565.599976,14.77,178.733322
07/05/2018,24357.32031,7265.209961,1578.949951,14.75,180.026459
08/05/2018,24360.21094,7266.899902,1586.390015,14.71,180.891769
09/05/2018,24542.53906,7339.910156,1596.050049,13.42,182.165451
10/05/2018,24739.5293,7404.970215,1603.709961,13.23,184.771149
11/05/2018,24831.16992,7402.879883,1606.790039,12.65,184.06842
14/05/2018,24899.41016,7411.319824,1600.339966,12.93,183.638962
15/05/2018,24706.41016,7351.629883,1600.339966,14.63,181.969971
16/05/2018,24768.92969,7398.299805,1616.369995,13.42,183.668228
17/05/2018,24713.98047,7382.470215,1625.290039,13.43,182.50679
18/05/2018,24715.08984,7354.339844,1626.630005,13.42,181.843079
21/05/2018,25013.28906,7394.040039,1637.439941,13.08,183.131439
22/05/2018,24834.41016,7378.459961,1625.23999,13.22,182.672684
23/05/2018,24886.81055,7425.959961,1627.609985,12.58,183.843964
24/05/2018,24811.75977,7424.430176,1628.219971,12.53,183.638962
25/05/2018,24753.08984,7433.850098,1626.930054,13.22,184.058655
29/05/2018,24361.44922,7396.589844,1623.650024,17.02,183.394974
30/05/2018,24667.7793,7462.450195,1647.98999,14.94,183.004562
31/05/2018,24415.83984,7442.120117,1633.609985,15.43,182.389633
01/06/2018,24635.21094,7554.330078,1647.97998,13.46,185.678833
04/06/2018,24813.68945,7606.459961,1653.369995,12.74,187.230743
05/06/2018,24799.98047,7637.859863,1664.630005,12.4,188.675247
06/06/2018,25146.39063,7689.240234,1675.949951,11.64,189.329178
07/06/2018,25241.41016,7635.069824,1667.77002,12.13,188.821671
08/06/2018,25316.5293,7645.509766,1672.48999,12.18,187.103851
11/06/2018,25322.31055,7659.930176,1674.680054,12.35,186.645111
12/06/2018,25320.73047,7703.790039,1682.300049,12.34,187.669937
13/06/2018,25201.19922,7695.700195,1676.540039,12.94,186.127823
14/06/2018,25175.31055,7761.040039,1684.719971,12.12,186.225433
15/06/2018,25090.48047,7746.379883,1683.910034,11.98,184.312439
18/06/2018,24987.4707,7747.029785,1692.459961,12.31,184.214798
19/06/2018,24700.21094,7725.589844,1693.449951,13.35,181.237946
20/06/2018,24657.80078,7781.509766,1706.98999,12.79,182.028534
21/06/2018,24461.69922,7712.950195,1688.949951,14.64,181.013458
22/06/2018,24580.89063,7692.819824,1685.579956,13.77,180.486389
25/06/2018,24252.80078,7532.009766,1657.51001,17.33,177.802338
26/06/2018,24283.10938,7561.629883,1668.530029,15.92,180.008163
27/06/2018,24117.58984,7445.080078,1640.449951,17.91,179.744629
28/06/2018,24216.05078,7503.680176,1645.02002,16.85,181.052505
29/06/2018,24271.41016,7510.299805,1643.069946,16.09,180.671844
02/07/2018,24307.17969,7567.689941,1655.089966,15.6,182.692215
03/07/2018,24174.82031,7502.669922,1660.420044,16.139999,179.510391
05/07/2018,24356.74023,7586.430176,1679.47998,14.97,180.954895
06/07/2018,24456.48047,7688.390137,1694.050049,13.37,183.463272
09/07/2018,24776.58984,7756.200195,1704.599976,12.69,186.010712
10/07/2018,24919.66016,7759.200195,1695.619995,12.64,185.786255
11/07/2018,24700.44922,7716.609863,1683.660034,13.63,183.375427
12/07/2018,24924.89063,7823.919922,1690.280029,12.58,186.449905
13/07/2018,25019.41016,7825.97998,1687.079956,12.18,186.742706
16/07/2018,25064.35938,7805.720215,1678.540039,12.83,186.332794
17/07/2018,25119.89063,7855.120117,1687.26001,12.06,186.859833
18/07/2018,25199.28906,7854.439941,1691.869995,12.1,185.835007
19/07/2018,25064.5,7825.299805,1701.310059,12.87,187.279556
20/07/2018,25058.11914,7820.200195,1696.810059,12.86,186.850113
23/07/2018,25044.28906,7841.870117,1698.410034,12.62,187.015991
24/07/2018,25241.93945,7840.77002,1680.199951,12.41,188.372696
25/07/2018,25414.09961,7932.240234,1685.199951,12.29,190.149063
26/07/2018,25527.07031,7852.180176,1695.359985,12.14,189.55368
27/07/2018,25451.06055,7737.419922,1663.339966,13.03,186.401138
30/07/2018,25306.83008,7630,1653.130005,14.26,185.356781
31/07/2018,25415.18945,7671.790039,1670.800049,12.83,185.727646
01/08/2018,25333.82031,7707.290039,1669.26001,13.15,196.6689
02/08/2018,25326.16016,7802.689941,1682.099976,12.19,202.417679
03/08/2018,25462.58008,7812.009766,1673.369995,11.64,203.003281
06/08/2018,25502.17969,7859.680176,1684.310059,11.27,204.057388
07/08/2018,25628.91016,7883.660156,1688.300049,10.93,202.144379
08/08/2018,25583.75,7888.330078,1686.880005,10.85,202.281052
09/08/2018,25509.23047,7891.779785,1690.890015,11.27,203.871964
10/08/2018,25313.14063,7839.109863,1686.800049,13.16,203.264679
13/08/2018,25187.69922,7819.709961,1675.319946,14.78,204.577133
14/08/2018,25299.91992,7870.890137,1692.579956,13.31,205.439102
15/08/2018,25162.41016,7774.120117,1670.670044,14.64,205.919006
16/08/2018,25558.73047,7806.52002,1685.75,13.45,208.935715
17/08/2018,25669.32031,7816.330078,1692.949951,12.64,213.108124
20/08/2018,25758.68945,7821.009766,1698.689941,12.49,211.031723
21/08/2018,25822.28906,7859.169922,1718.050049,12.86,210.620346
22/08/2018,25733.59961,7889.100098,1722.540039,12.25,210.630157
23/08/2018,25656.98047,7878.459961,1717.050049,12.41,211.061111
24/08/2018,25790.34961,7945.97998,1725.670044,11.99,211.717331
27/08/2018,26049.64063,8017.899902,1728.410034,12.16,213.460739
28/08/2018,26064.01953,8030.040039,1728.420044,12.5,215.18457
29/08/2018,26124.57031,8109.689941,1734.75,12.25,218.397171
30/08/2018,25986.91992,8088.359863,1732.349976,13.53,220.405014
31/08/2018,25964.82031,8109.540039,1740.75,12.86,222.951584
04/09/2018,25952.48047,8091.25,1733.380005,13.16,223.666595
05/09/2018,25974.99023,7995.169922,1727.650024,13.91,222.20723
06/09/2018,25995.86914,7922.72998,1714.469971,14.65,218.514709
07/09/2018,25916.53906,7902.540039,1713.180054,14.88,216.751694
10/09/2018,25857.07031,7924.160156,1717.469971,14.16,213.842728
11/09/2018,25971.06055,7972.470215,1718.400024,13.22,219.249298
12/09/2018,25998.91992,7954.22998,1715.699951,13.14,216.526428
13/09/2018,26145.99023,8013.709961,1714.319946,12.37,221.756668
14/09/2018,26154.66992,8010.040039,1721.719971,12.07,219.239487
17/09/2018,26062.11914,7895.790039,1703.550049,13.68,213.401993
18/09/2018,26246.96094,7956.109863,1710.969971,12.79,213.754593
19/09/2018,26405.75977,7950.040039,1702.930054,11.75,213.881897
20/09/2018,26656.98047,8028.22998,1720.180054,11.8,215.507813
21/09/2018,26743.5,7986.959961,1712.319946,11.68,213.186508
24/09/2018,26562.05078,7993.25,1705.319946,12.2,216.252182
25/09/2018,26492.21094,8007.470215,1708.810059,12.42,217.623398
26/09/2018,26385.2793,7990.370117,1691.609985,12.89,215.889771
27/09/2018,26439.92969,8041.970215,1690.530029,12.41,220.32666
28/09/2018,26458.31055,8046.350098,1696.569946,12.12,221.100433
01/10/2018,26651.21094,8037.299805,1672.98999,12,222.589203
02/10/2018,26773.93945,7999.549805,1656.040039,12.05,224.567673
03/10/2018,26828.39063,8025.089844,1671.290039,11.61,227.300339
04/10/2018,26627.48047,7879.509766,1646.910034,14.22,223.304199
05/10/2018,26447.05078,7788.450195,1632.109985,14.82,219.680222
08/10/2018,26486.7793,7735.950195,1629.52002,15.69,219.170944
09/10/2018,26430.57031,7738.02002,1621.869995,15.95,222.20723
10/10/2018,25598.74023,7422.049805,1575.410034,22.959999,211.913208
11/10/2018,25052.83008,7329.060059,1545.380005,24.98,210.04248
12/10/2018,25339.99023,7496.890137,1546.680054,21.309999,217.545044
15/10/2018,25250.55078,7430.740234,1553.089966,21.299999,212.892654
16/10/2018,25798.41992,7645.490234,1596.839966,17.620001,217.584213
17/10/2018,25706.67969,7642.700195,1589.599976,17.4,216.643967
18/10/2018,25379.44922,7485.140137,1560.75,20.059999,211.5802
19/10/2018,25444.33984,7449.029785,1542.040039,19.889999,214.802567
22/10/2018,25317.41016,7468.629883,1539.5,19.639999,216.115036
23/10/2018,25191.42969,7437.540039,1526.589966,20.709999,218.152298
24/10/2018,24583.41992,7108.399902,1468.699951,25.23,210.669327
25/10/2018,24984.55078,7318.339844,1500.400024,24.219999,215.282516
26/10/2018,24688.31055,7167.209961,1483.819946,24.16,211.854462
29/10/2018,24442.91992,7050.290039,1477.310059,24.700001,207.877899
30/10/2018,24874.64063,7161.649902,1506.640015,23.35,208.916122
31/10/2018,25115.75977,7305.899902,1511.410034,21.23,214.361847
01/11/2018,25380.74023,7434.060059,1544.97998,19.34,217.652786
02/11/2018,25270.83008,7356.990234,1547.97998,19.51,203.215714
05/11/2018,25461.69922,7328.850098,1547.51001,19.959999,197.446762
06/11/2018,25635.00977,7375.959961,1556.099976,19.91,199.581985
07/11/2018,26180.30078,7570.75,1582.160034,16.360001,205.634949
08/11/2018,26191.2207,7530.879883,1578.209961,16.719999,204.91748
09/11/2018,25989.30078,7406.899902,1549.48999,17.360001,200.966339
12/11/2018,25387.17969,7200.870117,1518.790039,20.450001,190.84285
13/11/2018,25286.49023,7200.870117,1514.800049,20.02,188.936081
14/11/2018,25080.5,7136.390137,1502.51001,21.25,183.599152
15/11/2018,25289.26953,7259.029785,1524.119995,19.98,188.130142
16/11/2018,25413.2207,7247.870117,1527.530029,18.139999,190.213806
19/11/2018,25017.43945,7028.47998,1496.540039,20.1,182.675247
20/11/2018,24465.64063,6908.819824,1469.01001,22.48,173.947418
21/11/2018,24464.68945,6972.25,1488.280029,20.799999,173.750839
23/11/2018,24285.94922,6938.97998,1488.680054,21.52,169.337769
26/11/2018,24640.24023,7081.850098,1505.959961,18.9,171.627838
27/11/2018,24748.73047,7082.700195,1492.859985,19.02,171.254364
28/11/2018,25366.42969,7291.589844,1530.380005,18.49,177.839554
29/11/2018,25338.83984,7273.080078,1525.390015,18.790001,176.473358
30/11/2018,25538.46094,7330.540039,1533.27002,18.07,175.519989
03/12/2018,25826.42969,7441.509766,1548.959961,16.440001,181.653076
04/12/2018,25027.07031,7158.430176,1480.75,20.74,173.662369
06/12/2018,24947.66992,7188.259766,1477.410034,21.190001,171.726135
07/12/2018,24388.94922,6969.25,1448.089966,23.23,165.602905
10/12/2018,24423.25977,7020.52002,1443.099976,22.639999,166.693863
11/12/2018,24370.24023,7031.830078,1440.130005,21.76,165.740494
12/12/2018,24527.26953,7098.310059,1455.319946,21.459999,166.202438
13/12/2018,24597.38086,7070.330078,1432.699951,20.65,168.020721
14/12/2018,24100.50977,6910.660156,1410.810059,21.629999,162.64444
17/12/2018,23592.98047,6753.72998,1378.140015,24.52,161.130859
18/12/2018,23675.64063,6783.910156,1377.180054,25.58,163.224365
19/12/2018,23323.66016,6636.830078,1349.22998,25.58,158.133102
20/12/2018,22859.59961,6528.410156,1326,28.379999,154.14267
21/12/2018,22445.36914,6332.990234,1292.089966,30.110001,148.147202
24/12/2018,21792.19922,6192.919922,1266.920044,36.07,144.314041
26/12/2018,22878.44922,6554.359863,1329.810059,30.41,154.476852
27/12/2018,23138.82031,6579.490234,1331.819946,29.959999,153.474335
28/12/2018,23062.40039,6584.52002,1337.920044,28.34,153.552979
31/12/2018,23327.46094,6635.279785,1348.560059,25.42,155.037109
02/01/2019,23346.24023,6665.939941,1355.910034,23.219999,155.214005
03/01/2019,22686.2207,6463.5,1330.829956,25.450001,139.75354
04/01/2019,23433.16016,6738.859863,1380.75,21.379999,145.719513
07/01/2019,23531.34961,6823.470215,1405.369995,21.4,145.395203
08/01/2019,23787.44922,6897,1426.550049,20.469999,148.16687
09/01/2019,23879.11914,6957.080078,1438.810059,19.98,150.682983
10/01/2019,24001.91992,6986.069824,1445.430054,19.5,151.164627
11/01/2019,23995.94922,6971.47998,1447.380005,18.190001,149.680466
14/01/2019,23909.83984,6905.919922,1432.810059,19.07,147.429718
15/01/2019,24065.58984,7023.830078,1445.219971,18.6,150.447128
16/01/2019,24207.16016,7034.689941,1454.699951,19.040001,152.28508
17/01/2019,24370.09961,7084.459961,1467.25,18.059999,153.189301
18/01/2019,24706.34961,7157.22998,1482.5,17.799999,154.132858
22/01/2019,24404.48047,7020.359863,1457.449951,20.799999,150.673172
23/01/2019,24575.61914,7025.77002,1454.26001,19.52,151.282547
24/01/2019,24553.24023,7073.459961,1464.410034,18.889999,150.083435
25/01/2019,24737.19922,7164.859863,1482.849976,17.42,155.056747
28/01/2019,24528.2207,7085.680176,1473.540039,18.870001,153.621765
29/01/2019,24579.96094,7028.290039,1471.449951,19.129999,152.02951
30/01/2019,25014.85938,7183.080078,1486.939941,17.66,162.418411
31/01/2019,24999.66992,7281.740234,1499.420044,16.57,163.587997
01/02/2019,25063.89063,7263.870117,1502.050049,16.139999,163.666641
04/02/2019,25239.36914,7347.540039,1517.540039,15.73,168.315582
05/02/2019,25411.51953,7402.080078,1520.22998,15.57,171.195389
06/02/2019,25390.30078,7375.279785,1518.02002,15.38,171.254364
07/02/2019,25169.5293,7288.350098,1505.630005,16.370001,168.01091
08/02/2019,25106.33008,7298.200195,1506.390015,15.72,168.208328
11/02/2019,25053.10938,7307.899902,1518.97998,15.97,167.240967
12/02/2019,25425.75977,7414.620117,1538.22998,15.43,168.682114
13/02/2019,25543.26953,7420.379883,1542.939941,15.65,167.981277
14/02/2019,25439.39063,7426.950195,1545.109985,16.219999,168.593292
15/02/2019,25883.25,7472.410156,1569.25,14.91,168.218201
19/02/2019,25891.32031,7486.77002,1574.469971,14.88,168.721588
20/02/2019,25954.43945,7489.069824,1581.660034,14.02,169.807388
21/02/2019,25850.63086,7459.709961,1575.550049,14.46,168.84993
22/02/2019,26031.81055,7527.540039,1590.060059,13.51,170.735229
25/02/2019,26091.94922,7554.459961,1588.810059,14.85,171.978958
26/02/2019,26057.98047,7549.299805,1577.47998,15.17,172.077667
27/02/2019,25985.16016,7554.509766,1581.050049,14.7,172.610687
28/02/2019,25916,7532.529785,1575.550049,14.78,170.912918
01/03/2019,26026.32031,7595.350098,1589.640015,13.57,172.709381
04/03/2019,25819.65039,7577.569824,1575.439941,14.63,173.578033
05/03/2019,25806.63086,7576.359863,1568.280029,14.74,173.262161
06/03/2019,25673.46094,7505.919922,1536.819946,15.74,172.265228
07/03/2019,25473.23047,7421.459961,1523.630005,16.59,170.271317
08/03/2019,25450.24023,7408.140137,1521.880005,16.049999,170.676025
11/03/2019,25650.88086,7558.060059,1548.880005,14.33,176.588608
12/03/2019,25554.66016,7591.029785,1549.829956,13.77,178.572662
13/03/2019,25702.89063,7643.410156,1555.880005,13.41,179.36232
14/03/2019,25709.93945,7630.910156,1549.640015,13.5,181.356216
15/03/2019,25848.86914,7688.529785,1553.540039,12.88,183.715332
18/03/2019,25914.09961,7714.47998,1563.930054,13.1,185.590805
19/03/2019,25887.38086,7723.950195,1554.98999,13.56,184.120056
20/03/2019,25745.66992,7728.970215,1543.160034,13.91,185.728989
21/03/2019,25962.50977,7838.959961,1562.410034,13.63,192.569427
22/03/2019,25502.32031,7642.669922,1505.920044,16.48,188.58165
25/03/2019,25516.83008,7637.540039,1512.859985,16.33,186.301483
26/03/2019,25657.73047,7691.52002,1528.170044,14.68,184.376678
27/03/2019,25625.58984,7643.379883,1522.22998,15.15,186.034973
28/03/2019,25717.46094,7669.169922,1535.099976,14.43,186.281738
29/03/2019,25928.67969,7729.319824,1539.73999,13.71,187.495865
01/04/2019,26258.41992,7828.910156,1556.060059,13.4,188.769211
02/04/2019,26179.13086,7848.689941,1553.319946,13.36,191.51329
03/04/2019,26218.13086,7895.549805,1560.910034,13.74,192.826111
04/04/2019,26384.63086,7891.779785,1567.48999,13.58,193.161682
05/04/2019,26424.99023,7938.689941,1582.560059,12.82,194.454758
08/04/2019,26341.01953,7953.879883,1579,13.18,197.514709
09/04/2019,26150.58008,7909.279785,1559.680054,14.28,196.92247
10/04/2019,26157.16016,7964.240234,1581.550049,13.3,198.027985
11/04/2019,26143.05078,7947.359863,1579.140015,13.02,196.379578
12/04/2019,26412.30078,7984.160156,1584.800049,12.01,196.300613
15/04/2019,26384.76953,7976.009766,1579.170044,12.32,196.65596
16/04/2019,26452.66016,8000.22998,1582.790039,12.18,196.675705
17/04/2019,26449.53906,7996.080078,1567.599976,12.6,200.505585
18/04/2019,26559.53906,7998.060059,1565.75,12.09,201.226151
22/04/2019,26511.05078,8015.27002,1560.040039,12.42,201.887497
23/04/2019,26656.39063,8120.819824,1585.089966,12.28,204.799362
24/04/2019,26597.05078,8102.009766,1588.130005,13.14,204.483505
25/04/2019,26462.08008,8118.680176,1575.609985,13.25,202.627808
26/04/2019,26543.33008,8146.399902,1589.900024,12.73,201.660461
29/04/2019,26554.39063,8161.850098,1598.359985,13.11,201.966461
30/04/2019,26592.91016,8095.390137,1591.209961,13.12,198.077362
01/05/2019,26430.14063,8049.640137,1576.380005,14.8,207.80011
02/05/2019,26307.78906,8036.77002,1582.650024,14.42,206.4478
03/05/2019,26504.94922,8164,1614.02002,12.87,209.014221
06/05/2019,26438.48047,8123.290039,1614.97998,15.44,205.786469
07/05/2019,25965.08984,7963.759766,1582.310059,19.32,200.239075
08/05/2019,25967.33008,7943.319824,1574.969971,19.4,200.278534
09/05/2019,25828.35938,7910.589844,1570.060059,19.1,198.126709
10/05/2019,25942.36914,7916.939941,1572.98999,16.040001,195.381973
13/05/2019,25324.99023,7647.02002,1523,20.549999,184.026489
14/05/2019,25532.05078,7734.490234,1543.060059,18.059999,186.939667
15/05/2019,25648.01953,7822.149902,1548.27002,16.440001,189.179062
16/05/2019,25862.67969,7898.049805,1557.23999,15.29,188.346725
17/05/2019,25764,7816.279785,1535.76001,15.96,187.276581
20/05/2019,25679.90039,7702.379883,1524.959961,16.309999,181.420471
21/05/2019,25877.33008,7785.720215,1545.25,14.95,184.898468
22/05/2019,25776.60938,7750.839844,1531.630005,14.75,181.113281
23/05/2019,25490.4707,7628.279785,1501.380005,16.92,178.021744
24/05/2019,25585.68945,7637.009766,1514.109985,15.85,177.338043
28/05/2019,25347.76953,7607.350098,1504.02002,17.5,176.604782
29/05/2019,25126.41016,7547.310059,1489.949951,17.9,175.762527
30/05/2019,25169.88086,7567.720215,1485.530029,17.299999,176.674149
31/05/2019,24815.03906,7453.149902,1465.48999,18.709999,173.473602
03/06/2019,24819.7793,7333.02002,1469.97998,18.860001,171.719727
04/06/2019,25332.17969,7527.120117,1508.560059,16.969999,178.001923
05/06/2019,25539.57031,7575.47998,1506.790039,16.09,180.875458
06/06/2019,25720.66016,7615.549805,1499.290039,15.93,183.531036
07/06/2019,25983.93945,7742.100098,1514.390015,16.299999,188.416077
10/06/2019,26062.67969,7823.169922,1523.560059,15.94,190.823929
11/06/2019,26048.50977,7822.569824,1519.109985,15.99,193.033585
12/06/2019,26004.83008,7792.720215,1519.790039,15.91,192.41925
13/06/2019,26106.76953,7837.129883,1535.800049,15.82,192.379593
14/06/2019,26089.60938,7796.660156,1522.5,15.28,190.982468
17/06/2019,26112.5293,7845.02002,1532.75,15.35,192.121979
18/06/2019,26465.53906,7953.879883,1550.22998,15.15,196.640396
19/06/2019,26504,7987.319824,1555.579956,14.33,196.065689
20/06/2019,26753.16992,8051.339844,1563.48999,14.75,197.64119
21/06/2019,26719.13086,8031.709961,1549.630005,15.4,196.967377
24/06/2019,26727.53906,8005.700195,1530.079956,15.26,196.769211
25/06/2019,26548.2207,7884.720215,1521.040039,16.280001,193.786667
26/06/2019,26536.82031,7909.970215,1521.890015,16.209999,197.978088
27/06/2019,26526.58008,7967.759766,1546.550049,15.82,197.91864
28/06/2019,26599.96094,8006.240234,1566.569946,15.08,196.115219
01/07/2019,26717.42969,8091.160156,1566.569946,14.06,199.712143
02/07/2019,26786.67969,8109.089844,1560.540039,12.93,200.881363
03/07/2019,26966,8170.22998,1572.119995,12.57,202.546051
05/07/2019,26922.11914,8161.790039,1575.619995,13.28,202.367676
08/07/2019,26806.14063,8098.379883,1561.390015,13.96,198.196075
09/07/2019,26783.49023,8141.72998,1562.589966,14.09,199.404968
10/07/2019,26860.19922,8202.530273,1565.050049,13.03,201.376816
11/07/2019,27088.08008,8196.040039,1557.920044,12.93,199.910309
12/07/2019,27332.0293,8244.139648,1570,12.39,201.446182
15/07/2019,27359.16016,8258.19043,1561.819946,12.68,203.33876
16/07/2019,27335.63086,8222.799805,1562,12.86,202.635223
17/07/2019,27219.84961,8185.209961,1550.780029,13.97,201.495712
18/07/2019,27222.9707,8207.240234,1555.619995,13.53,203.784653
19/07/2019,27154.19922,8146.490234,1547.900024,14.45,200.742645
22/07/2019,27171.90039,8204.139648,1544.780029,13.53,205.330429
23/07/2019,27349.18945,8251.400391,1554.959961,12.61,206.935638
24/07/2019,27269.9707,8321.5,1580.420044,12.07,206.767212
25/07/2019,27140.98047,8238.540039,1561.449951,12.74,205.132263
26/07/2019,27192.44922,8330.209961,1578.969971,12.16,205.845688
29/07/2019,27221.34961,8293.330078,1569.030029,12.83,207.76799
30/07/2019,27198.01953,8273.610352,1585.599976,13.94,206.87619
31/07/2019,26864.26953,8175.419922,1574.609985,16.120001,211.097366
01/08/2019,26583.41992,8111.120117,1550.76001,17.870001,206.529373
02/08/2019,26485.00977,8004.069824,1533.660034,17.610001,202.159607
05/08/2019,25717.74023,7726.040039,1487.410034,24.59,191.576981
06/08/2019,26029.51953,7833.27002,1502.089966,20.17,195.203613
07/08/2019,26007.07031,7862.830078,1500.689941,19.49,197.225006
08/08/2019,26378.18945,8039.160156,1532.130005,16.91,201.574982
09/08/2019,26287.43945,7959.140137,1513.040039,17.969999,199.913925
12/08/2019,25896.43945,7863.410156,1495.900024,21.09,199.406647
13/08/2019,26279.91016,8016.359863,1510.579956,17.52,207.851212
14/08/2019,25479.41992,7773.939941,1467.52002,22.1,201.664505
15/08/2019,25579.39063,7766.620117,1461.650024,21.18,200.659912
16/08/2019,25886.00977,7895.990234,1493.640015,18.469999,205.394424
19/08/2019,26135.78906,8002.810059,1508.849976,16.879999,209.223816
20/08/2019,25962.43945,7948.560059,1498.01001,17.5,209.233765
21/08/2019,26202.73047,8020.209961,1509.849976,15.8,211.501556
22/08/2019,26252.24023,7991.390137,1506,16.68,211.322525
23/08/2019,25628.90039,7751.77002,1459.48999,19.870001,201.555099
26/08/2019,25898.83008,7853.740234,1476,19.32,205.384476
27/08/2019,25777.90039,7826.950195,1456.040039,20.309999,203.066956
28/08/2019,26036.09961,7856.879883,1472.709961,19.35,204.429626
29/08/2019,26362.25,7973.390137,1496.719971,17.879999,207.890976
30/08/2019,26403.2793,7962.879883,1494.839966,18.98,207.622437
03/09/2019,26118.01953,7874.160156,1472.280029,19.66,204.598694
04/09/2019,26355.4707,7976.879883,1484.76001,17.33,208.070038
05/09/2019,26728.15039,8116.830078,1510.75,16.27,212.138123
06/09/2019,26797.46094,8103.069824,1505.170044,15,212.118225
09/09/2019,26835.50977,8087.439941,1524.22998,15.27,213.023361
10/09/2019,26909.42969,8084.160156,1541.609985,15.2,215.53981
11/09/2019,27137.03906,8169.680176,1575.709961,14.61,222.392929
12/09/2019,27182.44922,8194.469727,1575.069946,14.22,221.895599
13/09/2019,27219.51953,8176.709961,1578.140015,13.74,217.578842
16/09/2019,27076.82031,8153.540039,1584.599976,14.67,218.722687
17/09/2019,27110.80078,8186.02002,1578.290039,14.44,219.518402
18/09/2019,27147.08008,8177.390137,1568.339966,13.95,221.577332
19/09/2019,27094.78906,8182.879883,1561.469971,14.05,219.777023
20/09/2019,26935.07031,8117.669922,1559.76001,15.32,216.564285
23/09/2019,26949.99023,8112.459961,1558.25,14.91,217.548996
24/09/2019,26807.76953,7993.629883,1533.589966,17.049999,216.514557
25/09/2019,26970.71094,8077.379883,1550.650024,15.96,219.846634
26/09/2019,26891.11914,8030.660156,1533.329956,16.07,218.712738
27/09/2019,26820.25,7939.629883,1520.47998,17.219999,217.648483
30/09/2019,26916.83008,7999.339844,1523.369995,16.24,222.770889
01/10/2019,26573.03906,7908.680176,1493.430054,18.559999,223.387573
02/10/2019,26078.61914,7785.25,1479.630005,20.559999,217.78772
03/10/2019,26201.03906,7872.259766,1486.349976,19.120001,219.637756
04/10/2019,26573.7207,7982.470215,1500.699951,17.040001,225.794617
07/10/2019,26478.01953,7956.290039,1497.790039,17.860001,225.844345
08/10/2019,26164.03906,7823.779785,1472.599976,20.280001,223.198593
09/10/2019,26346.00977,7903.740234,1479.459961,18.639999,225.814514
10/10/2019,26496.66992,7950.779785,1485.359985,17.57,228.858124
11/10/2019,26816.58984,8057.040039,1511.900024,15.58,234.945358
14/10/2019,26787.35938,8048.649902,1505.430054,14.57,234.607178
15/10/2019,27024.80078,8148.709961,1523.300049,13.54,234.060135
16/10/2019,27001.98047,8124.180176,1525.060059,13.68,233.115204
17/10/2019,27025.88086,8156.850098,1541.839966,13.79,234.02034
18/10/2019,26770.19922,8089.540039,1535.47998,14.25,235.144302
21/10/2019,26827.64063,8162.990234,1552.410034,14,239.222336
22/10/2019,26788.09961,8104.299805,1550.869995,14.46,238.675293
23/10/2019,26833.94922,8119.790039,1552.859985,14.01,241.878036
24/10/2019,26805.5293,8185.799805,1548.48999,13.71,242.275894
25/10/2019,26958.06055,8243.120117,1558.709961,12.65,245.259842
28/10/2019,27090.7207,8325.990234,1571.930054,13.11,247.716614
29/10/2019,27071.46094,8276.849609,1577.069946,13.2,241.987442
30/10/2019,27186.68945,8303.980469,1572.849976,12.33,241.957611
31/10/2019,27046.23047,8292.360352,1562.449951,13.22,247.428162
01/11/2019,27347.35938,8386.400391,1589.329956,12.3,254.450378
04/11/2019,27462.10938,8433.200195,1597.400024,12.83,256.121368
05/11/2019,27492.63086,8434.679688,1599.609985,13.1,255.753372
06/11/2019,27492.56055,8410.629883,1589.540039,12.62,255.862762
07/11/2019,27674.80078,8434.519531,1593.98999,12.73,258.815735
08/11/2019,27681.24023,8475.30957,1598.859985,12.07,259.524078
11/11/2019,27691.49023,8464.280273,1594.77002,12.69,261.579193
12/11/2019,27691.49023,8486.089844,1595.119995,12.68,261.339752
13/11/2019,27783.58984,8482.099609,1589.180054,13,263.843811
14/11/2019,27781.96094,8479.019531,1588.790039,13.05,262.018158
15/11/2019,28004.89063,8540.830078,1596.449951,12.05,265.130768
18/11/2019,28036.2207,8549.94043,1592.339966,12.46,266.46759
19/11/2019,27934.01953,8570.660156,1598.290039,12.86,265.659515
20/11/2019,27821.08984,8526.730469,1591.609985,12.78,262.566864
21/11/2019,27766.28906,8506.209961,1583.959961,13.13,261.389648
22/11/2019,27875.61914,8519.879883,1588.939941,12.34,261.160187
25/11/2019,28066.4707,8632.490234,1621.900024,11.87,265.739319
26/11/2019,28121.67969,8647.929688,1624.22998,11.54,263.664246
27/11/2019,28164,8705.179688,1634.099976,11.75,267.205841
29/11/2019,28051.41016,8665.469727,1624.5,12.62,266.617249
02/12/2019,27783.03906,8567.990234,1607.579956,14.91,263.534546
03/12/2019,27502.81055,8520.639648,1602.630005,15.96,258.835724
04/12/2019,27649.7793,8566.669922,1613.900024,14.8,261.12027
05/12/2019,27677.78906,8570.700195,1614.829956,14.52,264.951172
06/12/2019,28015.06055,8656.530273,1633.839966,13.62,270.069031
09/12/2019,27909.59961,8621.830078,1629.619995,15.86,266.288025
10/12/2019,27881.7207,8616.179688,1631.709961,15.68,267.84433
11/12/2019,27911.30078,8654.049805,1631.930054,14.99,270.128906
12/12/2019,28132.05078,8717.320313,1644.810059,13.94,270.817261
13/12/2019,28135.38086,8734.879883,1637.97998,12.63,274.498535
16/12/2019,28235.89063,8814.230469,1649.939941,12.14,279.197357
17/12/2019,28267.16016,8823.360352,1657.560059,12.29,279.746094
18/12/2019,28239.2793,8827.740234,1661.72998,12.58,279.077667
19/12/2019,28376.96094,8887.219727,1667.089966,12.5,279.356995
20/12/2019,28455.08984,8924.959961,1671.900024,12.51,278.778381
23/12/2019,28551.5293,8945.650391,1674.140015,12.61,283.327576
24/12/2019,28515.44922,8952.879883,1678.01001,12.67,283.596924
26/12/2019,28621.39063,9022.389648,1677.670044,12.65,289.223602
27/12/2019,28645.25977,9006.620117,1669.030029,13.43,289.113831
30/12/2019,28462.14063,8945.990234,1664.150024,14.82,290.829773
31/12/2019,28538.43945,8972.599609,1668.469971,13.78,292.954712
02/01/2020,28868.80078,9092.19043,1666.77002,12.47,299.638885
03/01/2020,28634.88086,9020.769531,1660.869995,14.02,296.725769
06/01/2020,28703.38086,9071.469727,1663.26001,13.85,299.090149
07/01/2020,28583.67969,9068.580078,1658.310059,13.79,297.683533
08/01/2020,28745.08984,9129.240234,1663.589966,13.45,302.472137
09/01/2020,28956.90039,9203.429688,1664.98999,12.54,308.896912
10/01/2020,28823.76953,9178.860352,1657.640015,12.56,309.595215
13/01/2020,28907.05078,9273.929688,1669.609985,12.32,316.209534
14/01/2020,28939.66992,9251.330078,1675.73999,12.39,311.939667
15/01/2020,29030.2207,9258.700195,1682.400024,12.42,310.602844
16/01/2020,29297.64063,9357.129883,1705.219971,12.32,314.493591
17/01/2020,29348.09961,9388.94043,1699.640015,12.1,317.975372
21/01/2020,29196.03906,9370.80957,1685.900024,12.85,315.820465
22/01/2020,29186.26953,9383.769531,1684.459961,12.91,316.947815
23/01/2020,29160.08984,9402.480469,1685.01001,12.98,318.474182
24/01/2020,28989.73047,9314.910156,1662.22998,14.56,317.556335
27/01/2020,28535.80078,9139.30957,1644.140015,18.23,308.218506
28/01/2020,28722.84961,9269.679688,1658.310059,16.280001,316.937805
29/01/2020,28734.44922,9275.160156,1649.219971,16.389999,323.572052
30/01/2020,28859.43945,9298.929688,1648.219971,15.49,323.10318
31/01/2020,28256.0293,9150.94043,1614.060059,18.84,308.777191
03/02/2020,28399.81055,9273.400391,1632.209961,17.969999,307.929199
04/02/2020,28807.63086,9467.969727,1656.77002,16.049999,318.095062
05/02/2020,29290.84961,9508.679688,1681.920044,15.15,320.688934
06/02/2020,29379.76953,9572.150391,1677.459961,14.96,324.440002
07/02/2020,29102.50977,9520.509766,1656.780029,15.47,320.029999
10/02/2020,29276.82031,9628.389648,1667.670044,15.04,321.549988
11/02/2020,29276.33984,9638.94043,1677.51001,15.18,319.609985
12/02/2020,29551.41992,9725.959961,1689.380005,13.74,327.200012
13/02/2020,29423.31055,9711.969727,1693.73999,14.15,324.869995
14/02/2020,29398.08008,9731.179688,1687.579956,13.68,324.950012
18/02/2020,29232.18945,9732.740234,1683.52002,14.83,319
19/02/2020,29348.0293,9817.179688,1692.569946,14.38,323.619995
20/02/2020,29219.98047,9750.969727,1696.069946,15.56,320.299988
21/02/2020,28992.41016,9576.589844,1678.609985,17.08,313.049988
24/02/2020,27960.80078,9221.280273,1628.099976,25.030001,298.179993
25/02/2020,27081.35938,8965.610352,1571.900024,27.85,288.079987
26/02/2020,26957.58984,8980.780273,1552.76001,27.559999,292.649994
27/02/2020,25766.64063,8566.480469,1497.869995,39.16,273.519989
28/02/2020,25409.35938,8567.370117,1476.430054,40.110001,273.359985
02/03/2020,26703.32031,8952.169922,1518.48999,33.419998,298.809998
03/03/2020,25917.41016,8684.089844,1486.079956,36.82,289.320007
04/03/2020,27090.85938,9018.089844,1531.199951,31.99,302.73999
05/03/2020,26121.2793,8738.589844,1478.819946,39.619999,292.920013
06/03/2020,25864.7793,8575.620117,1449.219971,41.939999,289.029999
09/03/2020,23851.01953,7950.680176,1313.439941,54.459999,266.170013
10/03/2020,25018.16016,8344.25,1350.900024,47.299999,285.339996
11/03/2020,23553.2207,7952.049805,1264.300049,53.900002,275.429993
12/03/2020,21200.61914,7201.799805,1122.930054,75.470001,248.229996
13/03/2020,23185.61914,7874.879883,1210.130005,57.830002,277.970001
16/03/2020,20188.51953,6904.589844,1037.420044,82.690002,242.210007
17/03/2020,21237.38086,7334.779785,1106.51001,75.910004,252.860001
18/03/2020,19898.91992,6989.839844,991.159973,76.449997,246.669998
19/03/2020,20087.18945,7150.580078,1058.75,72,244.779999
20/03/2020,19173.98047,6879.52002,1013.890015,66.040001,229.240005
23/03/2020,18591.92969,6860.669922,1002.400024,61.59,224.369995
24/03/2020,20704.91016,7417.859863,1096.540039,61.669998,246.880005
25/03/2020,21200.55078,7384.299805,1110.369995,63.950001,245.520004
26/03/2020,22552.16992,7797.540039,1180.319946,61,258.440002
27/03/2020,21636.7793,7502.379883,1131.98999,65.540001,247.740005
30/03/2020,22327.48047,7774.149902,1158.319946,57.080002,254.809998
31/03/2020,21917.16016,7700.100098,1153.099976,53.540001,254.289993
01/04/2020,20943.50977,7360.580078,1071.98999,57.060001,240.910004
02/04/2020,21413.43945,7487.310059,1085.810059,50.91,244.929993
03/04/2020,21052.5293,7373.080078,1052.050049,46.799999,241.410004
06/04/2020,22679.99023,7913.240234,1138.780029,45.240002,262.470001
07/04/2020,22653.85938,7887.259766,1139.170044,46.700001,259.429993
08/04/2020,23433.57031,8090.899902,1191.660034,43.349998,266.070007
09/04/2020,23719.36914,8153.580078,1246.72998,41.669998,267.98999
